sale_time,purchaser_gender
05/11/2012 1:03,female
05/11/2012 1:17,female
05/11/2012 1:37,female
05/11/2012 1:43,female
05/11/2012 1:54,female
05/11/2012 2:01,female
05/11/2012 2:31,female
05/11/2012 2:46,female
05/11/2012 2:50,female
05/11/2012 2:54,female
05/11/2012 2:54,female
05/11/2012 3:14,female
05/11/2012 3:15,female
05/11/2012 3:24,female
05/11/2012 3:27,male
05/11/2012 3:53,female
05/11/2012 3:54,male
05/11/2012 4:03,female
05/11/2012 4:04,male
05/11/2012 4:12,male
05/11/2012 4:12,female
05/11/2012 4:14,female
05/11/2012 4:15,male
05/11/2012 4:20,female
05/11/2012 4:24,female
05/11/2012 4:27,female
05/11/2012 4:32,female
05/11/2012 4:32,female
05/11/2012 4:44,female
05/11/2012 4:44,female
05/11/2012 4:47,male
05/11/2012 4:52,female
05/11/2012 4:58,female
05/11/2012 4:58,female
05/11/2012 4:59,male
05/11/2012 5:01,female
05/11/2012 5:06,female
05/11/2012 5:11,female
05/11/2012 5:12,male
05/11/2012 5:24,female
05/11/2012 5:33,female
05/11/2012 5:35,female
05/11/2012 5:36,female
05/11/2012 5:38,female
05/11/2012 5:38,female
05/11/2012 5:39,male
05/11/2012 5:41,female
05/11/2012 5:50,male
05/11/2012 5:55,female
05/11/2012 5:59,female
05/11/2012 6:01,female
05/11/2012 6:01,male
05/11/2012 6:04,female
05/11/2012 6:07,female
05/11/2012 6:18,female
05/11/2012 6:23,male
05/11/2012 6:24,male
05/11/2012 6:26,female
05/11/2012 6:27,female
05/11/2012 6:28,female
05/11/2012 6:32,female
05/11/2012 6:34,female
05/11/2012 6:38,male
05/11/2012 6:42,female
05/11/2012 6:49,female
05/11/2012 6:53,female
05/11/2012 6:57,female
05/11/2012 6:59,female
05/11/2012 7:01,female
05/11/2012 7:01,male
05/11/2012 7:04,male
05/11/2012 7:07,male
05/11/2012 7:10,female
05/11/2012 7:11,female
05/11/2012 7:12,female
05/11/2012 7:13,female
05/11/2012 7:14,female
05/11/2012 7:16,female
05/11/2012 7:26,female
05/11/2012 7:29,female
05/11/2012 7:30,male
05/11/2012 7:32,male
05/11/2012 7:35,female
05/11/2012 7:36,male
05/11/2012 7:39,female
05/11/2012 7:40,female
05/11/2012 7:45,female
05/11/2012 7:49,female
05/11/2012 7:52,male
05/11/2012 7:52,male
05/11/2012 8:00,female
05/11/2012 8:02,female
05/11/2012 8:06,male
05/11/2012 8:08,female
05/11/2012 8:29,female
05/11/2012 8:29,female
05/11/2012 8:29,male
05/11/2012 8:31,female
05/11/2012 8:33,female
05/11/2012 8:36,female
05/11/2012 8:37,female
05/11/2012 8:39,female
05/11/2012 8:39,male
05/11/2012 8:41,female
05/11/2012 8:42,female
05/11/2012 8:42,female
05/11/2012 8:43,female
05/11/2012 8:46,male
05/11/2012 8:49,female
05/11/2012 8:53,female
05/11/2012 8:54,female
05/11/2012 8:55,female
05/11/2012 8:55,female
05/11/2012 9:01,female
05/11/2012 9:07,female
05/11/2012 9:10,male
05/11/2012 9:11,male
05/11/2012 9:11,female
05/11/2012 9:12,female
05/11/2012 9:16,male
05/11/2012 9:17,female
05/11/2012 9:18,female
05/11/2012 9:20,female
05/11/2012 9:22,female
05/11/2012 9:22,female
05/11/2012 9:25,female
05/11/2012 9:29,female
05/11/2012 9:34,female
05/11/2012 9:34,female
05/11/2012 9:34,male
05/11/2012 9:40,male
05/11/2012 9:46,female
05/11/2012 9:48,female
05/11/2012 9:49,female
05/11/2012 9:49,male
05/11/2012 9:50,female
05/11/2012 9:50,female
05/11/2012 9:50,female
05/11/2012 9:51,female
05/11/2012 9:52,female
05/11/2012 9:54,female
05/11/2012 9:56,female
05/11/2012 9:58,female
05/11/2012 10:03,male
05/11/2012 10:05,female
05/11/2012 10:09,male
05/11/2012 10:09,male
05/11/2012 10:09,female
05/11/2012 10:11,male
05/11/2012 10:12,female
05/11/2012 10:13,female
05/11/2012 10:19,female
05/11/2012 10:20,female
05/11/2012 10:20,female
05/11/2012 10:22,male
05/11/2012 10:26,female
05/11/2012 10:28,male
05/11/2012 10:31,female
05/11/2012 10:32,female
05/11/2012 10:32,male
05/11/2012 10:32,male
05/11/2012 10:33,female
05/11/2012 10:35,female
05/11/2012 10:35,female
05/11/2012 10:39,male
05/11/2012 10:40,female
05/11/2012 10:42,female
05/11/2012 10:43,male
05/11/2012 10:44,male
05/11/2012 10:45,female
05/11/2012 10:45,male
05/11/2012 10:47,female
05/11/2012 10:48,female
05/11/2012 10:48,female
05/11/2012 10:50,male
05/11/2012 10:51,female
05/11/2012 10:51,male
05/11/2012 10:51,female
05/11/2012 10:57,female
05/11/2012 10:58,female
05/11/2012 10:59,female
05/11/2012 11:01,male
05/11/2012 11:02,male
05/11/2012 11:04,male
05/11/2012 11:08,female
05/11/2012 11:10,female
05/11/2012 11:12,male
05/11/2012 11:13,female
05/11/2012 11:15,male
05/11/2012 11:19,female
05/11/2012 11:23,male
05/11/2012 11:25,male
05/11/2012 11:28,male
05/11/2012 11:28,female
05/11/2012 11:31,male
05/11/2012 11:40,female
05/11/2012 11:42,male
05/11/2012 11:42,female
05/11/2012 11:45,female
05/11/2012 11:48,female
05/11/2012 11:50,female
05/11/2012 11:51,male
05/11/2012 11:51,male
05/11/2012 11:54,male
05/11/2012 11:55,female
05/11/2012 11:56,female
05/11/2012 11:59,female
05/11/2012 12:00,female
05/11/2012 12:01,female
05/11/2012 12:02,female
05/11/2012 12:02,female
05/11/2012 12:03,female
05/11/2012 12:03,female
05/11/2012 12:05,female
05/11/2012 12:07,male
05/11/2012 12:07,female
05/11/2012 12:14,female
05/11/2012 12:17,female
05/11/2012 12:20,female
05/11/2012 12:23,female
05/11/2012 12:23,female
05/11/2012 12:23,female
05/11/2012 12:24,female
05/11/2012 12:25,female
05/11/2012 12:25,female
05/11/2012 12:26,male
05/11/2012 12:26,male
05/11/2012 12:27,female
05/11/2012 12:27,female
05/11/2012 12:28,male
05/11/2012 12:29,female
05/11/2012 12:32,female
05/11/2012 12:32,male
05/11/2012 12:34,female
05/11/2012 12:34,female
05/11/2012 12:43,male
05/11/2012 12:47,female
05/11/2012 12:48,female
05/11/2012 12:49,female
05/11/2012 12:49,female
05/11/2012 12:55,female
05/11/2012 12:57,female
05/11/2012 12:58,female
05/11/2012 12:58,female
05/11/2012 12:58,female
05/11/2012 12:59,female
05/11/2012 13:00,male
05/11/2012 13:01,female
05/11/2012 13:03,female
05/11/2012 13:04,male
05/11/2012 13:05,female
05/11/2012 13:08,female
05/11/2012 13:09,female
05/11/2012 13:09,female
05/11/2012 13:10,male
05/11/2012 13:10,female
05/11/2012 13:16,male
05/11/2012 13:18,female
05/11/2012 13:26,female
05/11/2012 13:30,male
05/11/2012 13:30,female
05/11/2012 13:31,male
05/11/2012 13:34,female
05/11/2012 13:37,female
05/11/2012 13:38,female
05/11/2012 13:39,male
05/11/2012 13:39,male
05/11/2012 13:39,male
05/11/2012 13:40,female
05/11/2012 13:40,male
05/11/2012 13:41,female
05/11/2012 13:42,male
05/11/2012 13:42,female
05/11/2012 13:43,female
05/11/2012 13:43,female
05/11/2012 13:44,female
05/11/2012 13:48,female
05/11/2012 13:50,female
05/11/2012 13:53,male
05/11/2012 13:54,male
05/11/2012 13:57,female
05/11/2012 14:00,female
05/11/2012 14:07,female
05/11/2012 14:09,male
05/11/2012 14:12,female
05/11/2012 14:12,female
05/11/2012 14:19,male
05/11/2012 14:19,female
05/11/2012 14:23,male
05/11/2012 14:26,male
05/11/2012 14:29,male
05/11/2012 14:32,female
05/11/2012 14:33,female
05/11/2012 14:34,female
05/11/2012 14:34,female
05/11/2012 14:34,female
05/11/2012 14:37,male
05/11/2012 14:40,female
05/11/2012 14:41,male
05/11/2012 14:48,female
05/11/2012 14:49,female
05/11/2012 14:49,female
05/11/2012 14:54,female
05/11/2012 14:58,male
05/11/2012 15:01,male
05/11/2012 15:02,female
05/11/2012 15:04,female
05/11/2012 15:06,male
05/11/2012 15:07,female
05/11/2012 15:07,female
05/11/2012 15:08,female
05/11/2012 15:10,female
05/11/2012 15:12,female
05/11/2012 15:16,female
05/11/2012 15:17,female
05/11/2012 15:19,female
05/11/2012 15:20,female
05/11/2012 15:20,male
05/11/2012 15:21,female
05/11/2012 15:22,female
05/11/2012 15:26,female
05/11/2012 15:29,female
05/11/2012 15:34,female
05/11/2012 15:36,female
05/11/2012 15:37,male
05/11/2012 15:38,female
05/11/2012 15:38,female
05/11/2012 15:38,female
05/11/2012 15:38,female
05/11/2012 15:39,male
05/11/2012 15:40,female
05/11/2012 15:42,female
05/11/2012 15:43,male
05/11/2012 15:43,female
05/11/2012 15:43,male
05/11/2012 15:46,female
05/11/2012 15:49,female
05/11/2012 15:57,male
05/11/2012 16:02,female
05/11/2012 16:03,female
05/11/2012 16:05,male
05/11/2012 16:07,male
05/11/2012 16:07,female
05/11/2012 16:08,female
05/11/2012 16:11,male
05/11/2012 16:12,male
05/11/2012 16:12,male
05/11/2012 16:12,female
05/11/2012 16:18,female
05/11/2012 16:19,female
05/11/2012 16:20,female
05/11/2012 16:24,female
05/11/2012 16:24,male
05/11/2012 16:24,female
05/11/2012 16:26,female
05/11/2012 16:29,female
05/11/2012 16:29,female
05/11/2012 16:32,female
05/11/2012 16:34,female
05/11/2012 16:37,male
05/11/2012 16:40,female
05/11/2012 16:42,female
05/11/2012 16:44,male
05/11/2012 16:44,female
05/11/2012 16:45,female
05/11/2012 16:52,male
05/11/2012 16:52,male
05/11/2012 16:52,male
05/11/2012 16:53,male
05/11/2012 16:55,female
05/11/2012 16:56,female
05/11/2012 16:56,female
05/11/2012 16:58,male
05/11/2012 16:58,female
05/11/2012 17:01,female
05/11/2012 17:03,female
05/11/2012 17:06,female
05/11/2012 17:09,male
05/11/2012 17:09,male
05/11/2012 17:09,female
05/11/2012 17:14,female
05/11/2012 17:19,male
05/11/2012 17:20,female
05/11/2012 17:23,female
05/11/2012 17:26,female
05/11/2012 17:27,female
05/11/2012 17:30,female
05/11/2012 17:30,female
05/11/2012 17:31,female
05/11/2012 17:31,female
05/11/2012 17:33,female
05/11/2012 17:34,female
05/11/2012 17:35,male
05/11/2012 17:38,female
05/11/2012 17:41,female
05/11/2012 17:42,female
05/11/2012 17:42,female
05/11/2012 17:44,female
05/11/2012 17:44,male
05/11/2012 17:48,male
05/11/2012 17:49,female
05/11/2012 17:53,female
05/11/2012 17:56,male
05/11/2012 18:00,female
05/11/2012 18:01,male
05/11/2012 18:04,female
05/11/2012 18:04,male
05/11/2012 18:06,male
05/11/2012 18:06,female
05/11/2012 18:08,female
05/11/2012 18:14,female
05/11/2012 18:15,female
05/11/2012 18:15,female
05/11/2012 18:16,male
05/11/2012 18:17,female
05/11/2012 18:19,female
05/11/2012 18:21,female
05/11/2012 18:23,female
05/11/2012 18:27,female
05/11/2012 18:29,female
05/11/2012 18:32,female
05/11/2012 18:32,male
05/11/2012 18:36,female
05/11/2012 18:37,female
05/11/2012 18:37,female
05/11/2012 18:39,male
05/11/2012 18:40,female
05/11/2012 18:41,female
05/11/2012 18:42,male
05/11/2012 18:42,female
05/11/2012 18:45,female
05/11/2012 18:46,female
05/11/2012 18:54,female
05/11/2012 18:55,female
05/11/2012 18:56,female
05/11/2012 18:56,female
05/11/2012 18:58,female
05/11/2012 18:59,female
05/11/2012 18:59,female
05/11/2012 19:02,female
05/11/2012 19:07,female
05/11/2012 19:12,female
05/11/2012 19:14,female
05/11/2012 19:15,female
05/11/2012 19:20,female
05/11/2012 19:25,female
05/11/2012 19:26,female
05/11/2012 19:29,female
05/11/2012 19:30,male
05/11/2012 19:31,male
05/11/2012 19:34,female
05/11/2012 19:37,female
05/11/2012 19:38,female
05/11/2012 19:42,female
05/11/2012 19:43,female
05/11/2012 19:46,male
05/11/2012 19:46,female
05/11/2012 19:46,male
05/11/2012 19:56,female
05/11/2012 20:01,female
05/11/2012 20:03,male
05/11/2012 20:03,female
05/11/2012 20:03,male
05/11/2012 20:04,female
05/11/2012 20:05,female
05/11/2012 20:06,male
05/11/2012 20:11,female
05/11/2012 20:11,male
05/11/2012 20:12,female
05/11/2012 20:14,male
05/11/2012 20:14,male
05/11/2012 20:18,female
05/11/2012 20:21,male
05/11/2012 20:23,male
05/11/2012 20:27,male
05/11/2012 20:29,female
05/11/2012 20:32,male
05/11/2012 20:33,female
05/11/2012 20:36,female
05/11/2012 20:38,male
05/11/2012 20:40,female
05/11/2012 20:42,male
05/11/2012 20:44,female
05/11/2012 20:45,female
05/11/2012 20:48,male
05/11/2012 20:57,female
05/11/2012 21:02,female
05/11/2012 21:02,female
05/11/2012 21:04,female
05/11/2012 21:08,female
05/11/2012 21:13,female
05/11/2012 21:17,female
05/11/2012 21:29,female
05/11/2012 21:29,male
05/11/2012 21:32,female
05/11/2012 21:32,female
05/11/2012 21:37,female
05/11/2012 21:42,male
05/11/2012 21:52,female
05/11/2012 21:54,female
05/11/2012 21:56,female
05/11/2012 21:58,female
05/11/2012 22:04,female
05/11/2012 22:07,female
05/11/2012 22:16,female
05/11/2012 22:36,female
05/11/2012 23:04,female
05/11/2012 23:19,female
05/11/2012 23:30,male
06/11/2012 1:57,female
06/11/2012 2:19,female
06/11/2012 2:20,female
06/11/2012 2:45,female
06/11/2012 3:13,female
06/11/2012 3:15,male
06/11/2012 3:21,female
06/11/2012 3:24,male
06/11/2012 3:27,male
06/11/2012 3:32,male
06/11/2012 3:36,male
06/11/2012 3:36,female
06/11/2012 3:40,male
06/11/2012 3:43,female
06/11/2012 3:45,female
06/11/2012 3:46,female
06/11/2012 3:54,female
06/11/2012 3:55,male
06/11/2012 4:00,female
06/11/2012 4:05,female
06/11/2012 4:07,female
06/11/2012 4:10,female
06/11/2012 4:21,male
06/11/2012 4:21,female
06/11/2012 4:23,male
06/11/2012 4:26,female
06/11/2012 4:27,female
06/11/2012 4:30,female
06/11/2012 4:40,female
06/11/2012 4:43,male
06/11/2012 4:58,female
06/11/2012 5:14,female
06/11/2012 5:18,male
06/11/2012 5:23,female
06/11/2012 5:23,female
06/11/2012 5:30,female
06/11/2012 5:31,male
06/11/2012 5:32,female
06/11/2012 5:32,female
06/11/2012 5:37,female
06/11/2012 5:38,female
06/11/2012 5:48,female
06/11/2012 5:56,male
06/11/2012 5:57,female
06/11/2012 6:05,female
06/11/2012 6:07,male
06/11/2012 6:14,male
06/11/2012 6:15,female
06/11/2012 6:15,female
06/11/2012 6:22,female
06/11/2012 6:25,female
06/11/2012 6:25,male
06/11/2012 6:29,female
06/11/2012 6:32,male
06/11/2012 6:35,male
06/11/2012 6:37,female
06/11/2012 6:42,female
06/11/2012 6:44,female
06/11/2012 6:44,female
06/11/2012 6:45,female
06/11/2012 6:54,female
06/11/2012 6:54,female
06/11/2012 6:59,male
06/11/2012 7:00,female
06/11/2012 7:03,female
06/11/2012 7:08,female
06/11/2012 7:10,female
06/11/2012 7:10,female
06/11/2012 7:11,female
06/11/2012 7:11,male
06/11/2012 7:21,male
06/11/2012 7:21,male
06/11/2012 7:23,female
06/11/2012 7:28,female
06/11/2012 7:29,female
06/11/2012 7:29,female
06/11/2012 7:31,female
06/11/2012 7:33,male
06/11/2012 7:41,male
06/11/2012 7:42,male
06/11/2012 7:45,female
06/11/2012 7:45,female
06/11/2012 7:46,male
06/11/2012 7:49,female
06/11/2012 7:49,male
06/11/2012 7:53,male
06/11/2012 7:53,male
06/11/2012 7:56,female
06/11/2012 7:58,male
06/11/2012 8:00,female
06/11/2012 8:01,female
06/11/2012 8:02,female
06/11/2012 8:04,male
06/11/2012 8:05,female
06/11/2012 8:22,female
06/11/2012 8:27,male
06/11/2012 8:31,female
06/11/2012 8:34,male
06/11/2012 8:36,male
06/11/2012 8:37,female
06/11/2012 8:37,male
06/11/2012 8:38,female
06/11/2012 8:42,female
06/11/2012 8:42,female
06/11/2012 8:42,female
06/11/2012 8:44,female
06/11/2012 8:46,female
06/11/2012 8:48,female
06/11/2012 8:50,female
06/11/2012 8:54,female
06/11/2012 8:55,female
06/11/2012 9:00,female
06/11/2012 9:03,male
06/11/2012 9:06,female
06/11/2012 9:10,female
06/11/2012 9:10,female
06/11/2012 9:11,male
06/11/2012 9:15,female
06/11/2012 9:23,male
06/11/2012 9:24,male
06/11/2012 9:25,male
06/11/2012 9:25,female
06/11/2012 9:35,male
06/11/2012 9:35,male
06/11/2012 9:36,female
06/11/2012 9:36,female
06/11/2012 9:36,female
06/11/2012 9:41,male
06/11/2012 9:42,male
06/11/2012 9:43,male
06/11/2012 9:48,female
06/11/2012 9:48,female
06/11/2012 9:50,female
06/11/2012 9:50,female
06/11/2012 9:51,female
06/11/2012 9:57,female
06/11/2012 10:01,female
06/11/2012 10:07,female
06/11/2012 10:11,female
06/11/2012 10:11,female
06/11/2012 10:11,female
06/11/2012 10:13,female
06/11/2012 10:17,female
06/11/2012 10:19,female
06/11/2012 10:21,male
06/11/2012 10:24,female
06/11/2012 10:24,male
06/11/2012 10:25,male
06/11/2012 10:27,female
06/11/2012 10:27,male
06/11/2012 10:27,female
06/11/2012 10:29,female
06/11/2012 10:29,female
06/11/2012 10:31,female
06/11/2012 10:33,female
06/11/2012 10:34,female
06/11/2012 10:40,female
06/11/2012 10:41,female
06/11/2012 10:42,female
06/11/2012 10:50,male
06/11/2012 10:53,female
06/11/2012 10:53,male
06/11/2012 10:54,female
06/11/2012 10:56,female
06/11/2012 11:02,female
06/11/2012 11:05,female
06/11/2012 11:06,female
06/11/2012 11:10,female
06/11/2012 11:11,male
06/11/2012 11:11,male
06/11/2012 11:18,female
06/11/2012 11:20,female
06/11/2012 11:21,female
06/11/2012 11:22,male
06/11/2012 11:24,female
06/11/2012 11:26,female
06/11/2012 11:26,male
06/11/2012 11:29,female
06/11/2012 11:32,female
06/11/2012 11:37,female
06/11/2012 11:46,female
06/11/2012 11:51,female
06/11/2012 11:54,female
06/11/2012 11:57,female
06/11/2012 11:57,female
06/11/2012 11:59,male
06/11/2012 11:59,female
06/11/2012 12:00,male
06/11/2012 12:01,male
06/11/2012 12:02,female
06/11/2012 12:02,female
06/11/2012 12:02,female
06/11/2012 12:03,female
06/11/2012 12:05,female
06/11/2012 12:07,male
06/11/2012 12:07,female
06/11/2012 12:13,female
06/11/2012 12:13,male
06/11/2012 12:14,female
06/11/2012 12:18,female
06/11/2012 12:22,male
06/11/2012 12:22,female
06/11/2012 12:23,female
06/11/2012 12:23,female
06/11/2012 12:23,female
06/11/2012 12:23,female
06/11/2012 12:24,female
06/11/2012 12:25,female
06/11/2012 12:28,male
06/11/2012 12:29,female
06/11/2012 12:29,female
06/11/2012 12:30,male
06/11/2012 12:33,female
06/11/2012 12:33,female
06/11/2012 12:37,female
06/11/2012 12:38,female
06/11/2012 12:41,male
06/11/2012 12:42,female
06/11/2012 12:42,female
06/11/2012 12:43,female
06/11/2012 12:44,female
06/11/2012 12:45,female
06/11/2012 12:46,female
06/11/2012 12:50,female
06/11/2012 12:52,female
06/11/2012 12:53,male
06/11/2012 12:54,male
06/11/2012 13:00,female
06/11/2012 13:04,female
06/11/2012 13:16,female
06/11/2012 13:18,male
06/11/2012 13:19,male
06/11/2012 13:19,male
06/11/2012 13:21,male
06/11/2012 13:22,female
06/11/2012 13:23,female
06/11/2012 13:24,female
06/11/2012 13:24,female
06/11/2012 13:26,female
06/11/2012 13:30,female
06/11/2012 13:32,female
06/11/2012 13:33,female
06/11/2012 13:33,male
06/11/2012 13:34,female
06/11/2012 13:36,female
06/11/2012 13:36,female
06/11/2012 13:38,female
06/11/2012 13:38,female
06/11/2012 13:39,female
06/11/2012 13:44,female
06/11/2012 13:48,female
06/11/2012 13:50,male
06/11/2012 13:51,male
06/11/2012 13:51,female
06/11/2012 13:52,female
06/11/2012 13:54,male
06/11/2012 13:54,female
06/11/2012 13:54,female
06/11/2012 13:55,female
06/11/2012 13:59,female
06/11/2012 13:59,female
06/11/2012 14:00,male
06/11/2012 14:03,female
06/11/2012 14:03,female
06/11/2012 14:04,male
06/11/2012 14:04,female
06/11/2012 14:04,female
06/11/2012 14:04,female
06/11/2012 14:06,male
06/11/2012 14:09,male
06/11/2012 14:10,male
06/11/2012 14:11,female
06/11/2012 14:12,female
06/11/2012 14:12,female
06/11/2012 14:13,female
06/11/2012 14:14,female
06/11/2012 14:15,female
06/11/2012 14:15,male
06/11/2012 14:17,female
06/11/2012 14:18,male
06/11/2012 14:21,female
06/11/2012 14:24,female
06/11/2012 14:26,female
06/11/2012 14:28,female
06/11/2012 14:31,female
06/11/2012 14:34,female
06/11/2012 14:35,male
06/11/2012 14:35,female
06/11/2012 14:37,female
06/11/2012 14:43,male
06/11/2012 14:43,female
06/11/2012 14:45,female
06/11/2012 14:45,female
06/11/2012 14:48,female
06/11/2012 14:50,female
06/11/2012 14:52,female
06/11/2012 14:53,female
06/11/2012 14:54,female
06/11/2012 15:00,male
06/11/2012 15:06,female
06/11/2012 15:07,female
06/11/2012 15:10,female
06/11/2012 15:13,female
06/11/2012 15:17,female
06/11/2012 15:18,female
06/11/2012 15:20,female
06/11/2012 15:22,male
06/11/2012 15:22,male
06/11/2012 15:22,male
06/11/2012 15:22,female
06/11/2012 15:24,female
06/11/2012 15:27,male
06/11/2012 15:31,female
06/11/2012 15:31,female
06/11/2012 15:32,female
06/11/2012 15:32,female
06/11/2012 15:32,female
06/11/2012 15:33,female
06/11/2012 15:37,female
06/11/2012 15:37,female
06/11/2012 15:39,female
06/11/2012 15:41,male
06/11/2012 15:42,female
06/11/2012 15:44,female
06/11/2012 15:46,female
06/11/2012 15:50,female
06/11/2012 15:52,female
06/11/2012 15:53,female
06/11/2012 15:53,female
06/11/2012 15:54,female
06/11/2012 15:55,female
06/11/2012 15:56,male
06/11/2012 16:00,female
06/11/2012 16:00,female
06/11/2012 16:02,female
06/11/2012 16:03,female
06/11/2012 16:03,female
06/11/2012 16:07,male
06/11/2012 16:13,female
06/11/2012 16:14,female
06/11/2012 16:14,female
06/11/2012 16:17,female
06/11/2012 16:19,female
06/11/2012 16:19,female
06/11/2012 16:19,female
06/11/2012 16:19,female
06/11/2012 16:20,female
06/11/2012 16:21,female
06/11/2012 16:23,female
06/11/2012 16:25,female
06/11/2012 16:25,female
06/11/2012 16:27,male
06/11/2012 16:28,female
06/11/2012 16:28,male
06/11/2012 16:28,female
06/11/2012 16:29,female
06/11/2012 16:32,female
06/11/2012 16:38,female
06/11/2012 16:40,female
06/11/2012 16:41,male
06/11/2012 16:43,female
06/11/2012 16:46,female
06/11/2012 16:46,female
06/11/2012 16:50,female
06/11/2012 16:52,female
06/11/2012 16:54,female
06/11/2012 16:54,female
06/11/2012 16:55,female
06/11/2012 17:00,female
06/11/2012 17:00,male
06/11/2012 17:00,female
06/11/2012 17:01,female
06/11/2012 17:01,male
06/11/2012 17:05,male
06/11/2012 17:06,female
06/11/2012 17:06,female
06/11/2012 17:07,female
06/11/2012 17:07,female
06/11/2012 17:08,female
06/11/2012 17:12,female
06/11/2012 17:14,female
06/11/2012 17:14,male
06/11/2012 17:17,male
06/11/2012 17:19,female
06/11/2012 17:26,female
06/11/2012 17:30,female
06/11/2012 17:31,female
06/11/2012 17:32,female
06/11/2012 17:36,female
06/11/2012 17:37,male
06/11/2012 17:39,female
06/11/2012 17:47,female
06/11/2012 17:48,male
06/11/2012 17:48,male
06/11/2012 17:51,female
06/11/2012 17:51,female
06/11/2012 17:53,female
06/11/2012 17:53,female
06/11/2012 17:55,female
06/11/2012 17:56,male
06/11/2012 17:56,male
06/11/2012 17:57,female
06/11/2012 17:58,male
06/11/2012 18:03,female
06/11/2012 18:04,female
06/11/2012 18:05,female
06/11/2012 18:07,female
06/11/2012 18:08,female
06/11/2012 18:09,female
06/11/2012 18:11,female
06/11/2012 18:14,male
06/11/2012 18:18,female
06/11/2012 18:19,male
06/11/2012 18:20,female
06/11/2012 18:22,female
06/11/2012 18:23,female
06/11/2012 18:24,female
06/11/2012 18:25,female
06/11/2012 18:28,female
06/11/2012 18:29,female
06/11/2012 18:32,female
06/11/2012 18:32,female
06/11/2012 18:32,female
06/11/2012 18:33,female
06/11/2012 18:37,female
06/11/2012 18:37,female
06/11/2012 18:40,female
06/11/2012 18:43,female
06/11/2012 18:46,male
06/11/2012 18:48,female
06/11/2012 18:48,female
06/11/2012 18:48,female
06/11/2012 18:50,female
06/11/2012 18:51,female
06/11/2012 18:52,female
06/11/2012 18:55,female
06/11/2012 19:01,female
06/11/2012 19:03,male
06/11/2012 19:04,female
06/11/2012 19:07,female
06/11/2012 19:09,female
06/11/2012 19:10,female
06/11/2012 19:12,female
06/11/2012 19:15,female
06/11/2012 19:22,female
06/11/2012 19:24,female
06/11/2012 19:26,male
06/11/2012 19:26,male
06/11/2012 19:26,female
06/11/2012 19:27,female
06/11/2012 19:29,female
06/11/2012 19:30,female
06/11/2012 19:32,female
06/11/2012 19:36,female
06/11/2012 19:37,male
06/11/2012 19:37,female
06/11/2012 19:41,female
06/11/2012 19:41,female
06/11/2012 19:47,female
06/11/2012 19:48,female
06/11/2012 19:49,male
06/11/2012 19:50,male
06/11/2012 19:52,female
06/11/2012 19:53,female
06/11/2012 19:54,female
06/11/2012 20:01,female
06/11/2012 20:01,female
06/11/2012 20:02,female
06/11/2012 20:11,female
06/11/2012 20:14,female
06/11/2012 20:14,female
06/11/2012 20:14,female
06/11/2012 20:18,male
06/11/2012 20:22,female
06/11/2012 20:22,female
06/11/2012 20:25,female
06/11/2012 20:26,female
06/11/2012 20:28,female
06/11/2012 20:28,female
06/11/2012 20:29,female
06/11/2012 20:29,female
06/11/2012 20:30,male
06/11/2012 20:38,female
06/11/2012 20:49,male
06/11/2012 20:51,male
06/11/2012 20:55,female
06/11/2012 21:00,female
06/11/2012 21:04,female
06/11/2012 21:08,female
06/11/2012 21:10,female
06/11/2012 21:10,female
06/11/2012 21:10,female
06/11/2012 21:11,female
06/11/2012 21:15,female
06/11/2012 21:22,female
06/11/2012 21:23,female
06/11/2012 21:35,female
06/11/2012 21:36,female
06/11/2012 21:36,female
06/11/2012 21:38,female
06/11/2012 21:38,female
06/11/2012 21:38,female
06/11/2012 21:39,female
06/11/2012 21:41,female
06/11/2012 21:45,female
06/11/2012 21:52,female
06/11/2012 21:54,female
06/11/2012 21:57,female
06/11/2012 22:00,female
06/11/2012 22:01,male
06/11/2012 22:01,male
06/11/2012 22:02,male
06/11/2012 22:02,female
06/11/2012 22:06,male
06/11/2012 22:28,male
06/11/2012 22:30,male
06/11/2012 22:31,female
06/11/2012 22:38,female
06/11/2012 22:46,female
06/11/2012 22:47,female
06/11/2012 22:48,male
06/11/2012 22:48,female
06/11/2012 22:55,female
06/11/2012 22:59,female
06/11/2012 23:05,female
06/11/2012 23:05,female
06/11/2012 23:07,female
06/11/2012 23:07,male
06/11/2012 23:09,female
06/11/2012 23:17,female
06/11/2012 23:18,male
07/11/2012 1:09,female
07/11/2012 1:20,female
07/11/2012 1:44,female
07/11/2012 1:52,female
07/11/2012 2:00,female
07/11/2012 2:01,female
07/11/2012 2:20,male
07/11/2012 2:20,female
07/11/2012 2:48,female
07/11/2012 2:55,female
07/11/2012 2:57,female
07/11/2012 3:05,male
07/11/2012 3:07,male
07/11/2012 3:18,female
07/11/2012 3:31,female
07/11/2012 3:31,female
07/11/2012 3:52,female
07/11/2012 3:53,female
07/11/2012 3:55,male
07/11/2012 4:06,female
07/11/2012 4:09,male
07/11/2012 4:18,female
07/11/2012 4:22,female
07/11/2012 4:23,female
07/11/2012 4:25,female
07/11/2012 4:33,female
07/11/2012 4:52,female
07/11/2012 4:55,female
07/11/2012 5:00,female
07/11/2012 5:05,male
07/11/2012 5:11,male
07/11/2012 5:19,female
07/11/2012 5:23,female
07/11/2012 5:25,male
07/11/2012 5:26,female
07/11/2012 5:29,male
07/11/2012 5:31,female
07/11/2012 5:37,female
07/11/2012 5:42,female
07/11/2012 5:43,female
07/11/2012 5:50,female
07/11/2012 5:51,female
07/11/2012 5:55,female
07/11/2012 5:58,male
07/11/2012 6:04,female
07/11/2012 6:08,male
07/11/2012 6:08,female
07/11/2012 6:11,female
07/11/2012 6:21,female
07/11/2012 6:22,female
07/11/2012 6:24,female
07/11/2012 6:27,male
07/11/2012 6:28,female
07/11/2012 6:36,female
07/11/2012 6:37,male
07/11/2012 6:53,female
07/11/2012 6:57,female
07/11/2012 6:57,female
07/11/2012 7:01,female
07/11/2012 7:03,female
07/11/2012 7:09,female
07/11/2012 7:11,female
07/11/2012 7:18,female
07/11/2012 7:18,male
07/11/2012 7:21,female
07/11/2012 7:22,female
07/11/2012 7:22,female
07/11/2012 7:25,female
07/11/2012 7:28,male
07/11/2012 7:28,female
07/11/2012 7:36,male
07/11/2012 7:38,female
07/11/2012 7:38,male
07/11/2012 7:42,female
07/11/2012 7:43,female
07/11/2012 7:46,female
07/11/2012 7:52,female
07/11/2012 7:54,female
07/11/2012 7:57,female
07/11/2012 8:01,female
07/11/2012 8:06,male
07/11/2012 8:07,female
07/11/2012 8:09,female
07/11/2012 8:13,female
07/11/2012 8:17,female
07/11/2012 8:22,female
07/11/2012 8:22,female
07/11/2012 8:24,male
07/11/2012 8:26,male
07/11/2012 8:28,female
07/11/2012 8:29,female
07/11/2012 8:31,female
07/11/2012 8:32,female
07/11/2012 8:36,female
07/11/2012 8:40,female
07/11/2012 8:42,female
07/11/2012 8:44,female
07/11/2012 8:45,female
07/11/2012 8:48,female
07/11/2012 8:52,female
07/11/2012 8:54,female
07/11/2012 8:54,female
07/11/2012 8:59,male
07/11/2012 9:01,male
07/11/2012 9:03,male
07/11/2012 9:05,male
07/11/2012 9:11,female
07/11/2012 9:11,female
07/11/2012 9:15,male
07/11/2012 9:18,female
07/11/2012 9:19,female
07/11/2012 9:19,female
07/11/2012 9:21,female
07/11/2012 9:21,female
07/11/2012 9:23,male
07/11/2012 9:29,female
07/11/2012 9:31,female
07/11/2012 9:34,female
07/11/2012 9:35,female
07/11/2012 9:35,male
07/11/2012 9:36,male
07/11/2012 9:40,male
07/11/2012 9:40,female
07/11/2012 9:43,male
07/11/2012 9:46,female
07/11/2012 9:50,male
07/11/2012 9:50,female
07/11/2012 9:52,male
07/11/2012 9:53,female
07/11/2012 9:56,female
07/11/2012 9:58,female
07/11/2012 10:02,male
07/11/2012 10:03,male
07/11/2012 10:05,female
07/11/2012 10:07,male
07/11/2012 10:08,male
07/11/2012 10:10,female
07/11/2012 10:10,female
07/11/2012 10:12,male
07/11/2012 10:13,male
07/11/2012 10:16,female
07/11/2012 10:22,female
07/11/2012 10:23,female
07/11/2012 10:24,male
07/11/2012 10:24,female
07/11/2012 10:33,male
07/11/2012 10:33,female
07/11/2012 10:34,male
07/11/2012 10:39,female
07/11/2012 10:42,female
07/11/2012 10:47,male
07/11/2012 10:54,female
07/11/2012 10:55,female
07/11/2012 11:00,male
07/11/2012 11:06,female
07/11/2012 11:06,female
07/11/2012 11:07,male
07/11/2012 11:09,male
07/11/2012 11:12,female
07/11/2012 11:12,female
07/11/2012 11:14,female
07/11/2012 11:19,male
07/11/2012 11:27,female
07/11/2012 11:29,female
07/11/2012 11:29,female
07/11/2012 11:30,male
07/11/2012 11:31,male
07/11/2012 11:34,female
07/11/2012 11:40,female
07/11/2012 11:41,female
07/11/2012 11:42,female
07/11/2012 11:44,female
07/11/2012 11:45,male
07/11/2012 11:46,male
07/11/2012 11:46,female
07/11/2012 11:51,male
07/11/2012 11:53,female
07/11/2012 11:54,male
07/11/2012 11:57,female
07/11/2012 12:04,male
07/11/2012 12:06,male
07/11/2012 12:07,female
07/11/2012 12:08,male
07/11/2012 12:09,female
07/11/2012 12:12,female
07/11/2012 12:13,female
07/11/2012 12:14,female
07/11/2012 12:21,male
07/11/2012 12:26,female
07/11/2012 12:28,male
07/11/2012 12:30,female
07/11/2012 12:35,female
07/11/2012 12:36,female
07/11/2012 12:37,female
07/11/2012 12:38,female
07/11/2012 12:41,female
07/11/2012 12:43,female
07/11/2012 12:46,male
07/11/2012 12:46,female
07/11/2012 12:46,male
07/11/2012 12:50,female
07/11/2012 12:51,female
07/11/2012 12:53,female
07/11/2012 12:55,female
07/11/2012 12:55,male
07/11/2012 12:57,female
07/11/2012 12:59,female
07/11/2012 13:00,female
07/11/2012 13:02,female
07/11/2012 13:05,female
07/11/2012 13:05,male
07/11/2012 13:06,female
07/11/2012 13:09,female
07/11/2012 13:12,male
07/11/2012 13:12,female
07/11/2012 13:14,female
07/11/2012 13:16,female
07/11/2012 13:19,male
07/11/2012 13:24,female
07/11/2012 13:24,female
07/11/2012 13:25,female
07/11/2012 13:26,female
07/11/2012 13:26,female
07/11/2012 13:27,female
07/11/2012 13:29,male
07/11/2012 13:32,male
07/11/2012 13:32,male
07/11/2012 13:33,female
07/11/2012 13:36,female
07/11/2012 13:37,female
07/11/2012 13:37,female
07/11/2012 13:39,female
07/11/2012 13:39,male
07/11/2012 13:39,female
07/11/2012 13:41,female
07/11/2012 13:44,female
07/11/2012 13:47,male
07/11/2012 13:48,male
07/11/2012 13:49,male
07/11/2012 13:49,female
07/11/2012 13:50,male
07/11/2012 13:52,female
07/11/2012 13:53,female
07/11/2012 13:54,female
07/11/2012 13:55,female
07/11/2012 14:01,female
07/11/2012 14:02,male
07/11/2012 14:03,female
07/11/2012 14:06,female
07/11/2012 14:07,female
07/11/2012 14:08,male
07/11/2012 14:10,male
07/11/2012 14:10,female
07/11/2012 14:12,female
07/11/2012 14:12,male
07/11/2012 14:12,female
07/11/2012 14:13,male
07/11/2012 14:14,female
07/11/2012 14:15,female
07/11/2012 14:16,male
07/11/2012 14:16,female
07/11/2012 14:17,female
07/11/2012 14:19,female
07/11/2012 14:20,female
07/11/2012 14:21,female
07/11/2012 14:21,female
07/11/2012 14:23,female
07/11/2012 14:23,female
07/11/2012 14:24,female
07/11/2012 14:25,male
07/11/2012 14:31,female
07/11/2012 14:32,female
07/11/2012 14:33,male
07/11/2012 14:34,female
07/11/2012 14:34,female
07/11/2012 14:35,female
07/11/2012 14:37,female
07/11/2012 14:37,female
07/11/2012 14:37,male
07/11/2012 14:41,female
07/11/2012 14:48,female
07/11/2012 14:51,female
07/11/2012 14:53,female
07/11/2012 15:02,female
07/11/2012 15:02,male
07/11/2012 15:03,male
07/11/2012 15:06,male
07/11/2012 15:06,female
07/11/2012 15:07,female
07/11/2012 15:08,female
07/11/2012 15:08,female
07/11/2012 15:10,male
07/11/2012 15:14,female
07/11/2012 15:15,female
07/11/2012 15:16,female
07/11/2012 15:21,male
07/11/2012 15:21,male
07/11/2012 15:25,female
07/11/2012 15:34,male
07/11/2012 15:34,male
07/11/2012 15:39,female
07/11/2012 15:42,female
07/11/2012 15:44,female
07/11/2012 15:45,female
07/11/2012 15:46,female
07/11/2012 15:47,female
07/11/2012 15:50,male
07/11/2012 15:53,female
07/11/2012 15:53,male
07/11/2012 15:53,male
07/11/2012 15:54,female
07/11/2012 15:55,male
07/11/2012 15:57,male
07/11/2012 15:58,male
07/11/2012 15:58,female
07/11/2012 15:59,female
07/11/2012 16:00,male
07/11/2012 16:01,male
07/11/2012 16:03,female
07/11/2012 16:03,female
07/11/2012 16:09,male
07/11/2012 16:11,male
07/11/2012 16:13,female
07/11/2012 16:16,female
07/11/2012 16:21,female
07/11/2012 16:22,female
07/11/2012 16:24,male
07/11/2012 16:25,male
07/11/2012 16:27,female
07/11/2012 16:30,female
07/11/2012 16:32,male
07/11/2012 16:32,male
07/11/2012 16:35,female
07/11/2012 16:38,female
07/11/2012 16:40,female
07/11/2012 16:44,female
07/11/2012 16:48,female
07/11/2012 16:49,female
07/11/2012 16:50,female
07/11/2012 16:51,male
07/11/2012 16:51,male
07/11/2012 16:51,male
07/11/2012 16:55,female
07/11/2012 16:55,female
07/11/2012 16:55,female
07/11/2012 16:56,female
07/11/2012 16:57,female
07/11/2012 16:58,male
07/11/2012 17:01,female
07/11/2012 17:01,female
07/11/2012 17:01,male
07/11/2012 17:09,female
07/11/2012 17:11,male
07/11/2012 17:12,female
07/11/2012 17:15,female
07/11/2012 17:16,male
07/11/2012 17:18,female
07/11/2012 17:19,female
07/11/2012 17:22,female
07/11/2012 17:24,female
07/11/2012 17:25,male
07/11/2012 17:26,male
07/11/2012 17:26,male
07/11/2012 17:29,female
07/11/2012 17:31,female
07/11/2012 17:31,female
07/11/2012 17:34,female
07/11/2012 17:35,female
07/11/2012 17:36,male
07/11/2012 17:37,female
07/11/2012 17:39,female
07/11/2012 17:42,female
07/11/2012 17:44,female
07/11/2012 17:44,male
07/11/2012 17:48,female
07/11/2012 17:49,female
07/11/2012 17:49,female
07/11/2012 17:49,female
07/11/2012 17:51,male
07/11/2012 17:52,female
07/11/2012 17:54,female
07/11/2012 17:55,female
07/11/2012 17:58,male
07/11/2012 18:03,female
07/11/2012 18:06,female
07/11/2012 18:07,female
07/11/2012 18:07,male
07/11/2012 18:09,female
07/11/2012 18:11,female
07/11/2012 18:20,male
07/11/2012 18:21,male
07/11/2012 18:22,female
07/11/2012 18:22,female
07/11/2012 18:24,female
07/11/2012 18:26,female
07/11/2012 18:28,female
07/11/2012 18:30,female
07/11/2012 18:30,male
07/11/2012 18:33,female
07/11/2012 18:33,female
07/11/2012 18:35,female
07/11/2012 18:41,female
07/11/2012 18:50,female
07/11/2012 18:50,female
07/11/2012 18:52,female
07/11/2012 18:57,male
07/11/2012 18:58,female
07/11/2012 18:59,female
07/11/2012 18:59,female
07/11/2012 19:02,male
07/11/2012 19:03,male
07/11/2012 19:05,female
07/11/2012 19:10,male
07/11/2012 19:16,female
07/11/2012 19:17,female
07/11/2012 19:17,female
07/11/2012 19:18,male
07/11/2012 19:22,female
07/11/2012 19:22,female
07/11/2012 19:22,female
07/11/2012 19:24,female
07/11/2012 19:27,female
07/11/2012 19:29,female
07/11/2012 19:30,female
07/11/2012 19:33,male
07/11/2012 19:49,female
07/11/2012 19:51,female
07/11/2012 19:56,male
07/11/2012 19:57,male
07/11/2012 19:58,female
07/11/2012 19:59,female
07/11/2012 19:59,female
07/11/2012 20:09,female
07/11/2012 20:10,female
07/11/2012 20:11,female
07/11/2012 20:12,female
07/11/2012 20:14,female
07/11/2012 20:15,female
07/11/2012 20:23,male
07/11/2012 20:26,female
07/11/2012 20:27,female
07/11/2012 20:28,male
07/11/2012 20:32,female
07/11/2012 20:37,male
07/11/2012 20:38,male
07/11/2012 20:40,male
07/11/2012 20:40,female
07/11/2012 20:42,male
07/11/2012 20:42,female
07/11/2012 20:46,male
07/11/2012 20:50,female
07/11/2012 20:56,female
07/11/2012 20:58,female
07/11/2012 20:59,female
07/11/2012 21:00,female
07/11/2012 21:01,female
07/11/2012 21:05,male
07/11/2012 21:11,male
07/11/2012 21:12,female
07/11/2012 21:13,female
07/11/2012 21:16,female
07/11/2012 21:23,female
07/11/2012 21:23,female
07/11/2012 21:32,female
07/11/2012 21:33,female
07/11/2012 21:42,male
07/11/2012 21:46,female
07/11/2012 21:51,female
07/11/2012 21:52,female
07/11/2012 21:57,female
07/11/2012 22:18,female
07/11/2012 22:18,male
07/11/2012 22:19,female
07/11/2012 22:25,male
07/11/2012 22:34,female
07/11/2012 22:35,female
07/11/2012 22:40,female
07/11/2012 22:43,female
07/11/2012 22:48,female
07/11/2012 23:01,female
07/11/2012 23:05,female
07/11/2012 23:12,female
07/11/2012 23:14,male
07/11/2012 23:25,male
07/11/2012 23:29,female
07/11/2012 23:30,female
07/11/2012 23:33,female
08/11/2012 0:31,male
08/11/2012 0:51,female
08/11/2012 1:19,female
08/11/2012 2:08,female
08/11/2012 2:30,female
08/11/2012 2:32,female
08/11/2012 2:54,female
08/11/2012 3:00,female
08/11/2012 3:04,female
08/11/2012 3:04,female
08/11/2012 3:07,female
08/11/2012 3:08,female
08/11/2012 3:09,male
08/11/2012 3:09,male
08/11/2012 3:19,female
08/11/2012 3:26,female
08/11/2012 3:39,female
08/11/2012 3:40,male
08/11/2012 4:04,male
08/11/2012 4:12,male
08/11/2012 4:22,female
08/11/2012 4:23,male
08/11/2012 4:26,male
08/11/2012 4:28,female
08/11/2012 4:32,male
08/11/2012 4:36,female
08/11/2012 4:38,male
08/11/2012 4:42,female
08/11/2012 4:48,female
08/11/2012 4:54,female
08/11/2012 4:54,female
08/11/2012 5:00,female
08/11/2012 5:03,male
08/11/2012 5:07,male
08/11/2012 5:23,female
08/11/2012 5:23,female
08/11/2012 5:25,female
08/11/2012 5:25,female
08/11/2012 5:25,female
08/11/2012 5:26,male
08/11/2012 5:26,female
08/11/2012 5:28,female
08/11/2012 5:30,female
08/11/2012 5:32,male
08/11/2012 5:33,female
08/11/2012 5:36,female
08/11/2012 5:38,female
08/11/2012 5:40,female
08/11/2012 5:40,female
08/11/2012 5:41,male
08/11/2012 5:49,female
08/11/2012 5:49,female
08/11/2012 5:55,male
08/11/2012 6:01,male
08/11/2012 6:04,female
08/11/2012 6:06,female
08/11/2012 6:08,female
08/11/2012 6:09,female
08/11/2012 6:14,female
08/11/2012 6:15,male
08/11/2012 6:15,female
08/11/2012 6:19,female
08/11/2012 6:20,female
08/11/2012 6:20,female
08/11/2012 6:21,male
08/11/2012 6:26,female
08/11/2012 6:30,female
08/11/2012 6:30,female
08/11/2012 6:40,male
08/11/2012 6:58,male
08/11/2012 7:03,female
08/11/2012 7:13,female
08/11/2012 7:13,male
08/11/2012 7:19,female
08/11/2012 7:26,female
08/11/2012 7:26,male
08/11/2012 7:26,female
08/11/2012 7:26,female
08/11/2012 7:26,female
08/11/2012 7:28,female
08/11/2012 7:29,female
08/11/2012 7:29,female
08/11/2012 7:31,male
08/11/2012 7:34,male
08/11/2012 7:35,female
08/11/2012 7:37,female
08/11/2012 7:39,male
08/11/2012 7:40,female
08/11/2012 7:46,male
08/11/2012 7:51,female
08/11/2012 7:56,female
08/11/2012 8:03,female
08/11/2012 8:05,female
08/11/2012 8:07,female
08/11/2012 8:09,male
08/11/2012 8:11,female
08/11/2012 8:15,male
08/11/2012 8:17,female
08/11/2012 8:20,female
08/11/2012 8:22,female
08/11/2012 8:23,female
08/11/2012 8:33,female
08/11/2012 8:35,male
08/11/2012 8:38,male
08/11/2012 8:40,female
08/11/2012 8:49,female
08/11/2012 8:50,female
08/11/2012 8:50,female
08/11/2012 8:51,male
08/11/2012 8:52,male
08/11/2012 9:00,male
08/11/2012 9:02,male
08/11/2012 9:05,male
08/11/2012 9:16,male
08/11/2012 9:18,female
08/11/2012 9:20,female
08/11/2012 9:20,male
08/11/2012 9:21,female
08/11/2012 9:23,female
08/11/2012 9:24,female
08/11/2012 9:27,female
08/11/2012 9:28,female
08/11/2012 9:31,male
08/11/2012 9:34,female
08/11/2012 9:34,female
08/11/2012 9:35,male
08/11/2012 9:47,female
08/11/2012 9:48,female
08/11/2012 9:49,female
08/11/2012 9:49,female
08/11/2012 9:50,male
08/11/2012 9:51,female
08/11/2012 9:51,female
08/11/2012 9:52,female
08/11/2012 9:55,female
08/11/2012 9:58,male
08/11/2012 9:59,female
08/11/2012 10:02,female
08/11/2012 10:04,female
08/11/2012 10:06,female
08/11/2012 10:07,female
08/11/2012 10:08,female
08/11/2012 10:09,female
08/11/2012 10:09,female
08/11/2012 10:11,female
08/11/2012 10:13,male
08/11/2012 10:15,female
08/11/2012 10:16,female
08/11/2012 10:17,female
08/11/2012 10:21,female
08/11/2012 10:22,male
08/11/2012 10:23,female
08/11/2012 10:25,female
08/11/2012 10:25,female
08/11/2012 10:25,male
08/11/2012 10:27,female
08/11/2012 10:30,female
08/11/2012 10:30,female
08/11/2012 10:34,female
08/11/2012 10:39,male
08/11/2012 10:46,female
08/11/2012 10:46,male
08/11/2012 10:49,male
08/11/2012 10:52,female
08/11/2012 10:52,female
08/11/2012 10:53,female
08/11/2012 10:55,female
08/11/2012 10:59,female
08/11/2012 11:00,female
08/11/2012 11:00,female
08/11/2012 11:01,female
08/11/2012 11:02,female
08/11/2012 11:04,female
08/11/2012 11:07,female
08/11/2012 11:07,female
08/11/2012 11:08,female
08/11/2012 11:09,female
08/11/2012 11:09,female
08/11/2012 11:09,female
08/11/2012 11:13,male
08/11/2012 11:13,female
08/11/2012 11:15,female
08/11/2012 11:16,male
08/11/2012 11:16,male
08/11/2012 11:18,female
08/11/2012 11:19,male
08/11/2012 11:20,female
08/11/2012 11:20,female
08/11/2012 11:23,male
08/11/2012 11:25,female
08/11/2012 11:26,female
08/11/2012 11:26,female
08/11/2012 11:29,male
08/11/2012 11:32,female
08/11/2012 11:38,female
08/11/2012 11:41,male
08/11/2012 11:43,female
08/11/2012 11:47,male
08/11/2012 11:47,female
08/11/2012 11:49,female
08/11/2012 11:49,female
08/11/2012 11:51,female
08/11/2012 11:51,female
08/11/2012 11:58,female
08/11/2012 11:58,female
08/11/2012 11:59,female
08/11/2012 12:03,female
08/11/2012 12:04,female
08/11/2012 12:05,female
08/11/2012 12:07,female
08/11/2012 12:09,female
08/11/2012 12:12,male
08/11/2012 12:12,male
08/11/2012 12:14,female
08/11/2012 12:14,female
08/11/2012 12:16,female
08/11/2012 12:17,male
08/11/2012 12:20,female
08/11/2012 12:20,female
08/11/2012 12:21,female
08/11/2012 12:27,female
08/11/2012 12:27,female
08/11/2012 12:27,male
08/11/2012 12:31,male
08/11/2012 12:33,female
08/11/2012 12:33,male
08/11/2012 12:33,female
08/11/2012 12:35,female
08/11/2012 12:38,male
08/11/2012 12:39,female
08/11/2012 12:41,male
08/11/2012 12:42,female
08/11/2012 12:42,female
08/11/2012 12:43,male
08/11/2012 12:44,female
08/11/2012 12:45,male
08/11/2012 12:45,male
08/11/2012 12:47,male
08/11/2012 12:48,female
08/11/2012 12:48,female
08/11/2012 12:51,female
08/11/2012 12:54,female
08/11/2012 12:55,female
08/11/2012 12:58,female
08/11/2012 12:58,female
08/11/2012 12:58,male
08/11/2012 12:58,female
08/11/2012 12:59,female
08/11/2012 12:59,male
08/11/2012 12:59,male
08/11/2012 13:00,male
08/11/2012 13:01,female
08/11/2012 13:02,female
08/11/2012 13:03,female
08/11/2012 13:05,female
08/11/2012 13:05,male
08/11/2012 13:07,female
08/11/2012 13:08,female
08/11/2012 13:08,female
08/11/2012 13:09,female
08/11/2012 13:09,female
08/11/2012 13:12,female
08/11/2012 13:12,female
08/11/2012 13:16,female
08/11/2012 13:18,male
08/11/2012 13:18,male
08/11/2012 13:18,female
08/11/2012 13:20,female
08/11/2012 13:21,female
08/11/2012 13:23,male
08/11/2012 13:24,female
08/11/2012 13:28,female
08/11/2012 13:29,male
08/11/2012 13:32,female
08/11/2012 13:32,female
08/11/2012 13:32,female
08/11/2012 13:33,female
08/11/2012 13:34,female
08/11/2012 13:36,female
08/11/2012 13:36,male
08/11/2012 13:36,female
08/11/2012 13:37,female
08/11/2012 13:38,female
08/11/2012 13:39,female
08/11/2012 13:39,female
08/11/2012 13:40,female
08/11/2012 13:42,female
08/11/2012 13:43,female
08/11/2012 13:44,female
08/11/2012 13:50,male
08/11/2012 13:53,female
08/11/2012 13:53,female
08/11/2012 13:54,male
08/11/2012 13:55,male
08/11/2012 13:55,female
08/11/2012 13:56,male
08/11/2012 13:56,female
08/11/2012 13:57,female
08/11/2012 14:01,female
08/11/2012 14:05,female
08/11/2012 14:10,male
08/11/2012 14:13,male
08/11/2012 14:15,female
08/11/2012 14:15,female
08/11/2012 14:19,female
08/11/2012 14:20,female
08/11/2012 14:25,female
08/11/2012 14:25,male
08/11/2012 14:28,male
08/11/2012 14:28,female
08/11/2012 14:28,female
08/11/2012 14:33,female
08/11/2012 14:33,female
08/11/2012 14:35,female
08/11/2012 14:35,female
08/11/2012 14:37,male
08/11/2012 14:38,female
08/11/2012 14:38,male
08/11/2012 14:39,female
08/11/2012 14:39,female
08/11/2012 14:40,female
08/11/2012 14:42,male
08/11/2012 14:42,female
08/11/2012 14:43,male
08/11/2012 14:44,female
08/11/2012 14:45,female
08/11/2012 14:46,male
08/11/2012 14:50,male
08/11/2012 14:52,female
08/11/2012 14:53,female
08/11/2012 14:54,female
08/11/2012 14:57,male
08/11/2012 14:58,female
08/11/2012 15:02,female
08/11/2012 15:03,female
08/11/2012 15:07,female
08/11/2012 15:09,male
08/11/2012 15:11,female
08/11/2012 15:18,male
08/11/2012 15:19,female
08/11/2012 15:20,female
08/11/2012 15:22,female
08/11/2012 15:26,male
08/11/2012 15:26,male
08/11/2012 15:28,female
08/11/2012 15:30,male
08/11/2012 15:36,male
08/11/2012 15:37,female
08/11/2012 15:38,female
08/11/2012 15:39,female
08/11/2012 15:40,female
08/11/2012 15:40,female
08/11/2012 15:43,female
08/11/2012 15:45,female
08/11/2012 15:47,female
08/11/2012 15:48,female
08/11/2012 15:49,female
08/11/2012 15:49,female
08/11/2012 15:49,male
08/11/2012 15:52,male
08/11/2012 15:58,male
08/11/2012 16:01,female
08/11/2012 16:01,male
08/11/2012 16:02,female
08/11/2012 16:02,female
08/11/2012 16:03,female
08/11/2012 16:08,male
08/11/2012 16:10,female
08/11/2012 16:10,male
08/11/2012 16:11,female
08/11/2012 16:14,male
08/11/2012 16:15,female
08/11/2012 16:17,female
08/11/2012 16:18,female
08/11/2012 16:18,female
08/11/2012 16:21,female
08/11/2012 16:28,female
08/11/2012 16:28,female
08/11/2012 16:29,female
08/11/2012 16:33,female
08/11/2012 16:33,male
08/11/2012 16:35,female
08/11/2012 16:37,female
08/11/2012 16:38,female
08/11/2012 16:40,male
08/11/2012 16:45,male
08/11/2012 16:50,female
08/11/2012 16:53,female
08/11/2012 16:53,female
08/11/2012 16:55,male
08/11/2012 17:00,female
08/11/2012 17:01,female
08/11/2012 17:02,female
08/11/2012 17:04,female
08/11/2012 17:05,female
08/11/2012 17:05,female
08/11/2012 17:07,male
08/11/2012 17:10,male
08/11/2012 17:11,female
08/11/2012 17:13,female
08/11/2012 17:20,female
08/11/2012 17:22,female
08/11/2012 17:24,male
08/11/2012 17:24,male
08/11/2012 17:26,female
08/11/2012 17:27,female
08/11/2012 17:27,female
08/11/2012 17:28,female
08/11/2012 17:32,female
08/11/2012 17:34,female
08/11/2012 17:35,female
08/11/2012 17:36,female
08/11/2012 17:38,female
08/11/2012 17:41,female
08/11/2012 17:43,male
08/11/2012 17:50,female
08/11/2012 17:51,female
08/11/2012 17:54,female
08/11/2012 17:56,male
08/11/2012 18:01,male
08/11/2012 18:03,female
08/11/2012 18:04,female
08/11/2012 18:04,female
08/11/2012 18:07,male
08/11/2012 18:07,male
08/11/2012 18:08,female
08/11/2012 18:09,female
08/11/2012 18:10,female
08/11/2012 18:10,female
08/11/2012 18:13,female
08/11/2012 18:18,male
08/11/2012 18:20,male
08/11/2012 18:21,female
08/11/2012 18:25,male
08/11/2012 18:25,male
08/11/2012 18:29,female
08/11/2012 18:30,female
08/11/2012 18:31,female
08/11/2012 18:34,female
08/11/2012 18:38,female
08/11/2012 18:39,female
08/11/2012 18:40,male
08/11/2012 18:42,female
08/11/2012 18:47,male
08/11/2012 18:48,female
08/11/2012 18:50,female
08/11/2012 18:55,female
08/11/2012 18:56,male
08/11/2012 18:59,female
08/11/2012 18:59,male
08/11/2012 19:01,female
08/11/2012 19:04,female
08/11/2012 19:05,female
08/11/2012 19:05,female
08/11/2012 19:15,female
08/11/2012 19:20,male
08/11/2012 19:22,female
08/11/2012 19:24,male
08/11/2012 19:25,female
08/11/2012 19:25,male
08/11/2012 19:26,female
08/11/2012 19:30,female
08/11/2012 19:31,female
08/11/2012 19:32,female
08/11/2012 19:35,female
08/11/2012 19:36,female
08/11/2012 19:37,female
08/11/2012 19:38,female
08/11/2012 19:42,female
08/11/2012 19:43,female
08/11/2012 19:43,female
08/11/2012 19:44,female
08/11/2012 19:44,female
08/11/2012 19:49,female
08/11/2012 19:52,female
08/11/2012 19:54,female
08/11/2012 19:55,female
08/11/2012 19:58,male
08/11/2012 19:59,female
08/11/2012 20:00,male
08/11/2012 20:11,female
08/11/2012 20:14,female
08/11/2012 20:18,female
08/11/2012 20:19,female
08/11/2012 20:20,male
08/11/2012 20:23,female
08/11/2012 20:28,male
08/11/2012 20:28,female
08/11/2012 20:29,male
08/11/2012 20:29,female
08/11/2012 20:33,female
08/11/2012 20:36,female
08/11/2012 20:41,female
08/11/2012 20:42,female
08/11/2012 20:50,female
08/11/2012 20:50,female
08/11/2012 20:57,female
08/11/2012 21:03,female
08/11/2012 21:03,female
08/11/2012 21:11,male
08/11/2012 21:21,female
08/11/2012 21:31,male
08/11/2012 21:32,male
08/11/2012 21:32,female
08/11/2012 21:33,female
08/11/2012 21:33,female
08/11/2012 21:34,female
08/11/2012 21:37,female
08/11/2012 21:41,male
08/11/2012 21:43,male
08/11/2012 21:43,male
08/11/2012 21:43,female
08/11/2012 21:47,female
08/11/2012 21:53,male
08/11/2012 21:59,female
08/11/2012 22:09,female
08/11/2012 22:10,female
08/11/2012 22:10,female
08/11/2012 22:20,female
08/11/2012 22:21,male
08/11/2012 22:23,female
08/11/2012 22:26,female
08/11/2012 22:27,female
08/11/2012 22:29,female
08/11/2012 23:15,female
09/11/2012 0:55,female
09/11/2012 1:29,female
09/11/2012 1:48,female
09/11/2012 1:55,female
09/11/2012 2:12,female
09/11/2012 2:18,female
09/11/2012 2:20,female
09/11/2012 2:31,male
09/11/2012 2:46,female
09/11/2012 3:44,female
09/11/2012 3:45,female
09/11/2012 3:45,female
09/11/2012 3:47,female
09/11/2012 3:47,female
09/11/2012 3:50,female
09/11/2012 3:52,female
09/11/2012 3:53,male
09/11/2012 3:56,male
09/11/2012 3:57,female
09/11/2012 3:57,female
09/11/2012 3:58,male
09/11/2012 4:00,female
09/11/2012 4:03,female
09/11/2012 4:08,female
09/11/2012 4:10,female
09/11/2012 4:16,male
09/11/2012 4:18,male
09/11/2012 4:20,female
09/11/2012 4:20,female
09/11/2012 4:33,female
09/11/2012 4:35,female
09/11/2012 4:36,male
09/11/2012 4:43,female
09/11/2012 4:49,male
09/11/2012 4:50,female
09/11/2012 4:51,male
09/11/2012 4:58,female
09/11/2012 5:04,male
09/11/2012 5:16,female
09/11/2012 5:24,male
09/11/2012 5:24,female
09/11/2012 5:29,male
09/11/2012 5:33,male
09/11/2012 5:42,female
09/11/2012 5:45,female
09/11/2012 5:57,female
09/11/2012 5:58,female
09/11/2012 5:58,female
09/11/2012 5:58,female
09/11/2012 5:59,female
09/11/2012 6:01,male
09/11/2012 6:03,male
09/11/2012 6:04,female
09/11/2012 6:09,female
09/11/2012 6:16,female
09/11/2012 6:16,male
09/11/2012 6:24,female
09/11/2012 6:24,female
09/11/2012 6:25,female
09/11/2012 6:25,female
09/11/2012 6:37,female
09/11/2012 6:49,female
09/11/2012 6:51,female
09/11/2012 6:54,female
09/11/2012 7:03,female
09/11/2012 7:05,female
09/11/2012 7:10,female
09/11/2012 7:17,male
09/11/2012 7:18,female
09/11/2012 7:27,female
09/11/2012 7:27,female
09/11/2012 7:29,female
09/11/2012 7:30,female
09/11/2012 7:31,female
09/11/2012 7:32,female
09/11/2012 7:32,female
09/11/2012 7:36,male
09/11/2012 7:36,female
09/11/2012 7:40,female
09/11/2012 7:49,female
09/11/2012 7:52,female
09/11/2012 7:53,male
09/11/2012 7:59,female
09/11/2012 7:59,female
09/11/2012 8:00,female
09/11/2012 8:05,female
09/11/2012 8:12,female
09/11/2012 8:13,female
09/11/2012 8:14,female
09/11/2012 8:14,female
09/11/2012 8:15,female
09/11/2012 8:15,female
09/11/2012 8:18,female
09/11/2012 8:25,female
09/11/2012 8:26,female
09/11/2012 8:26,female
09/11/2012 8:29,female
09/11/2012 8:32,female
09/11/2012 8:36,female
09/11/2012 8:42,female
09/11/2012 8:44,female
09/11/2012 8:46,female
09/11/2012 8:48,female
09/11/2012 8:49,female
09/11/2012 8:49,female
09/11/2012 8:57,female
09/11/2012 9:02,female
09/11/2012 9:05,female
09/11/2012 9:07,female
09/11/2012 9:08,female
09/11/2012 9:08,male
09/11/2012 9:14,male
09/11/2012 9:15,female
09/11/2012 9:15,female
09/11/2012 9:19,female
09/11/2012 9:20,male
09/11/2012 9:22,male
09/11/2012 9:25,female
09/11/2012 9:27,male
09/11/2012 9:29,female
09/11/2012 9:29,female
09/11/2012 9:30,male
09/11/2012 9:31,female
09/11/2012 9:31,female
09/11/2012 9:32,male
09/11/2012 9:34,male
09/11/2012 9:34,female
09/11/2012 9:35,female
09/11/2012 9:39,male
09/11/2012 9:42,female
09/11/2012 9:43,female
09/11/2012 9:44,female
09/11/2012 9:45,male
09/11/2012 9:47,female
09/11/2012 9:47,male
09/11/2012 9:50,male
09/11/2012 9:51,female
09/11/2012 9:55,female
09/11/2012 9:59,female
09/11/2012 9:59,female
09/11/2012 10:01,female
09/11/2012 10:01,female
09/11/2012 10:04,male
09/11/2012 10:12,female
09/11/2012 10:12,female
09/11/2012 10:13,female
09/11/2012 10:14,male
09/11/2012 10:18,female
09/11/2012 10:18,male
09/11/2012 10:24,male
09/11/2012 10:25,female
09/11/2012 10:30,female
09/11/2012 10:35,male
09/11/2012 10:38,male
09/11/2012 10:43,male
09/11/2012 10:48,female
09/11/2012 11:00,male
09/11/2012 11:02,female
09/11/2012 11:04,male
09/11/2012 11:05,female
09/11/2012 11:09,male
09/11/2012 11:10,male
09/11/2012 11:24,male
09/11/2012 11:26,female
09/11/2012 11:28,female
09/11/2012 11:30,male
09/11/2012 11:31,male
09/11/2012 11:33,male
09/11/2012 11:34,male
09/11/2012 11:34,female
09/11/2012 11:38,male
09/11/2012 11:41,female
09/11/2012 11:42,female
09/11/2012 11:43,female
09/11/2012 11:48,female
09/11/2012 11:52,male
09/11/2012 11:54,female
09/11/2012 11:56,female
09/11/2012 11:57,female
09/11/2012 11:57,female
09/11/2012 11:58,male
09/11/2012 11:58,male
09/11/2012 12:00,female
09/11/2012 12:01,female
09/11/2012 12:02,female
09/11/2012 12:04,male
09/11/2012 12:04,male
09/11/2012 12:04,male
09/11/2012 12:08,female
09/11/2012 12:09,female
09/11/2012 12:10,male
09/11/2012 12:12,male
09/11/2012 12:14,female
09/11/2012 12:17,male
09/11/2012 12:18,female
09/11/2012 12:18,male
09/11/2012 12:18,female
09/11/2012 12:21,female
09/11/2012 12:21,male
09/11/2012 12:22,female
09/11/2012 12:22,female
09/11/2012 12:23,female
09/11/2012 12:24,female
09/11/2012 12:25,female
09/11/2012 12:26,male
09/11/2012 12:28,male
09/11/2012 12:28,female
09/11/2012 12:30,male
09/11/2012 12:31,female
09/11/2012 12:31,female
09/11/2012 12:34,female
09/11/2012 12:35,female
09/11/2012 12:36,male
09/11/2012 12:38,female
09/11/2012 12:40,female
09/11/2012 12:40,male
09/11/2012 12:41,male
09/11/2012 12:41,female
09/11/2012 12:41,female
09/11/2012 12:42,female
09/11/2012 12:44,female
09/11/2012 12:48,female
09/11/2012 12:50,female
09/11/2012 12:53,male
09/11/2012 12:54,female
09/11/2012 12:57,female
09/11/2012 13:02,female
09/11/2012 13:06,female
09/11/2012 13:08,male
09/11/2012 13:09,female
09/11/2012 13:09,female
09/11/2012 13:10,female
09/11/2012 13:13,male
09/11/2012 13:17,female
09/11/2012 13:18,female
09/11/2012 13:21,female
09/11/2012 13:21,female
09/11/2012 13:22,female
09/11/2012 13:23,male
09/11/2012 13:24,female
09/11/2012 13:26,female
09/11/2012 13:34,male
09/11/2012 13:37,female
09/11/2012 13:37,female
09/11/2012 13:40,female
09/11/2012 13:40,male
09/11/2012 13:43,male
09/11/2012 13:43,female
09/11/2012 13:46,female
09/11/2012 13:47,female
09/11/2012 13:50,female
09/11/2012 13:50,male
09/11/2012 13:51,female
09/11/2012 13:53,male
09/11/2012 13:56,female
09/11/2012 13:57,female
09/11/2012 14:01,female
09/11/2012 14:06,male
09/11/2012 14:06,female
09/11/2012 14:09,male
09/11/2012 14:11,male
09/11/2012 14:11,female
09/11/2012 14:12,male
09/11/2012 14:13,female
09/11/2012 14:18,female
09/11/2012 14:19,female
09/11/2012 14:26,male
09/11/2012 14:27,female
09/11/2012 14:27,female
09/11/2012 14:29,female
09/11/2012 14:32,female
09/11/2012 14:32,female
09/11/2012 14:33,female
09/11/2012 14:34,female
09/11/2012 14:37,female
09/11/2012 14:40,male
09/11/2012 14:42,female
09/11/2012 14:45,female
09/11/2012 14:45,female
09/11/2012 14:46,female
09/11/2012 14:48,female
09/11/2012 14:49,female
09/11/2012 14:56,male
09/11/2012 14:56,female
09/11/2012 15:00,female
09/11/2012 15:02,female
09/11/2012 15:05,female
09/11/2012 15:05,female
09/11/2012 15:06,female
09/11/2012 15:07,female
09/11/2012 15:08,female
09/11/2012 15:10,female
09/11/2012 15:10,female
09/11/2012 15:12,female
09/11/2012 15:12,female
09/11/2012 15:14,female
09/11/2012 15:14,male
09/11/2012 15:15,male
09/11/2012 15:15,male
09/11/2012 15:15,female
09/11/2012 15:16,female
09/11/2012 15:17,female
09/11/2012 15:17,male
09/11/2012 15:18,male
09/11/2012 15:19,female
09/11/2012 15:23,female
09/11/2012 15:27,female
09/11/2012 15:28,male
09/11/2012 15:30,female
09/11/2012 15:31,female
09/11/2012 15:31,female
09/11/2012 15:32,female
09/11/2012 15:32,female
09/11/2012 15:33,female
09/11/2012 15:34,female
09/11/2012 15:35,male
09/11/2012 15:36,female
09/11/2012 15:36,female
09/11/2012 15:38,female
09/11/2012 15:39,female
09/11/2012 15:40,female
09/11/2012 15:42,female
09/11/2012 15:42,female
09/11/2012 15:43,male
09/11/2012 15:43,female
09/11/2012 15:44,female
09/11/2012 15:44,female
09/11/2012 15:45,female
09/11/2012 15:46,female
09/11/2012 15:47,female
09/11/2012 15:47,female
09/11/2012 15:49,female
09/11/2012 15:51,female
09/11/2012 15:56,female
09/11/2012 15:56,female
09/11/2012 15:57,male
09/11/2012 15:59,female
09/11/2012 16:03,female
09/11/2012 16:04,female
09/11/2012 16:04,female
09/11/2012 16:07,male
09/11/2012 16:11,male
09/11/2012 16:11,female
09/11/2012 16:20,female
09/11/2012 16:24,female
09/11/2012 16:34,male
09/11/2012 16:35,male
09/11/2012 16:41,female
09/11/2012 16:41,female
09/11/2012 16:42,female
09/11/2012 16:44,female
09/11/2012 16:45,female
09/11/2012 16:46,female
09/11/2012 16:48,female
09/11/2012 16:50,male
09/11/2012 16:53,female
09/11/2012 16:53,female
09/11/2012 16:53,female
09/11/2012 16:55,female
09/11/2012 16:57,female
09/11/2012 17:00,male
09/11/2012 17:00,male
09/11/2012 17:02,male
09/11/2012 17:04,female
09/11/2012 17:12,male
09/11/2012 17:16,male
09/11/2012 17:21,male
09/11/2012 17:22,female
09/11/2012 17:22,female
09/11/2012 17:23,male
09/11/2012 17:24,female
09/11/2012 17:27,female
09/11/2012 17:28,female
09/11/2012 17:28,female
09/11/2012 17:28,female
09/11/2012 17:36,female
09/11/2012 17:36,female
09/11/2012 17:37,female
09/11/2012 17:39,male
09/11/2012 17:41,female
09/11/2012 17:42,female
09/11/2012 17:42,female
09/11/2012 17:43,female
09/11/2012 17:44,female
09/11/2012 17:44,male
09/11/2012 17:51,male
09/11/2012 17:52,female
09/11/2012 17:54,female
09/11/2012 17:56,female
09/11/2012 17:56,male
09/11/2012 17:59,female
09/11/2012 18:00,female
09/11/2012 18:00,male
09/11/2012 18:04,female
09/11/2012 18:04,female
09/11/2012 18:07,male
09/11/2012 18:08,male
09/11/2012 18:21,female
09/11/2012 18:23,female
09/11/2012 18:24,male
09/11/2012 18:25,female
09/11/2012 18:26,female
09/11/2012 18:26,female
09/11/2012 18:26,female
09/11/2012 18:29,female
09/11/2012 18:30,female
09/11/2012 18:30,female
09/11/2012 18:33,female
09/11/2012 18:34,female
09/11/2012 18:41,female
09/11/2012 18:44,female
09/11/2012 18:45,female
09/11/2012 18:45,male
09/11/2012 18:46,female
09/11/2012 18:48,male
09/11/2012 18:52,female
09/11/2012 18:54,male
09/11/2012 18:54,female
09/11/2012 18:57,female
09/11/2012 18:57,female
09/11/2012 18:59,male
09/11/2012 19:01,female
09/11/2012 19:01,female
09/11/2012 19:02,male
09/11/2012 19:05,female
09/11/2012 19:09,female
09/11/2012 19:11,female
09/11/2012 19:13,male
09/11/2012 19:15,male
09/11/2012 19:15,female
09/11/2012 19:16,female
09/11/2012 19:17,female
09/11/2012 19:19,male
09/11/2012 19:24,female
09/11/2012 19:26,female
09/11/2012 19:27,female
09/11/2012 19:33,male
09/11/2012 19:43,female
09/11/2012 19:58,male
09/11/2012 20:03,male
09/11/2012 20:07,female
09/11/2012 20:08,female
09/11/2012 20:08,female
09/11/2012 20:10,female
09/11/2012 20:10,female
09/11/2012 20:12,female
09/11/2012 20:14,male
09/11/2012 20:29,male
09/11/2012 20:30,female
09/11/2012 20:36,female
09/11/2012 20:40,male
09/11/2012 20:42,male
09/11/2012 20:44,male
09/11/2012 20:49,female
09/11/2012 20:51,female
09/11/2012 20:56,female
09/11/2012 20:59,male
09/11/2012 21:00,male
09/11/2012 21:00,female
09/11/2012 21:00,female
09/11/2012 21:02,female
09/11/2012 21:10,female
09/11/2012 21:23,female
09/11/2012 21:24,male
09/11/2012 21:29,female
09/11/2012 21:45,male
09/11/2012 21:54,female
09/11/2012 21:55,female
09/11/2012 22:05,female
09/11/2012 22:11,female
09/11/2012 22:14,female
09/11/2012 22:28,male
09/11/2012 22:36,female
09/11/2012 22:42,female
09/11/2012 22:47,male
09/11/2012 23:56,male
10/11/2012 1:05,female
10/11/2012 1:08,female
10/11/2012 1:52,female
10/11/2012 1:55,male
10/11/2012 1:57,female
10/11/2012 2:29,female
10/11/2012 2:33,female
10/11/2012 2:41,female
10/11/2012 2:51,female
10/11/2012 2:58,female
10/11/2012 2:59,male
10/11/2012 3:06,male
10/11/2012 3:23,female
10/11/2012 3:30,female
10/11/2012 3:31,female
10/11/2012 3:42,female
10/11/2012 3:46,female
10/11/2012 3:47,female
10/11/2012 3:55,female
10/11/2012 4:05,male
10/11/2012 4:06,female
10/11/2012 4:21,female
10/11/2012 4:24,female
10/11/2012 4:24,female
10/11/2012 4:26,female
10/11/2012 4:31,female
10/11/2012 4:33,male
10/11/2012 4:36,female
10/11/2012 4:38,female
10/11/2012 4:41,female
10/11/2012 4:43,female
10/11/2012 4:43,female
10/11/2012 4:48,female
10/11/2012 4:50,female
10/11/2012 5:00,male
10/11/2012 5:02,female
10/11/2012 5:04,female
10/11/2012 5:12,female
10/11/2012 5:13,female
10/11/2012 5:14,male
10/11/2012 5:15,female
10/11/2012 5:18,male
10/11/2012 5:22,male
10/11/2012 5:32,female
10/11/2012 5:33,female
10/11/2012 5:35,female
10/11/2012 5:38,female
10/11/2012 5:39,male
10/11/2012 5:54,female
10/11/2012 5:58,female
10/11/2012 6:03,female
10/11/2012 6:05,female
10/11/2012 6:11,female
10/11/2012 6:20,female
10/11/2012 6:27,female
10/11/2012 6:27,male
10/11/2012 6:27,female
10/11/2012 6:29,male
10/11/2012 6:29,male
10/11/2012 6:30,female
10/11/2012 6:32,male
10/11/2012 6:32,male
10/11/2012 6:34,female
10/11/2012 6:34,female
10/11/2012 6:36,female
10/11/2012 6:38,female
10/11/2012 6:40,female
10/11/2012 6:40,female
10/11/2012 6:45,female
10/11/2012 6:46,female
10/11/2012 6:50,male
10/11/2012 6:52,female
10/11/2012 6:52,female
10/11/2012 6:54,female
10/11/2012 7:03,male
10/11/2012 7:05,female
10/11/2012 7:09,male
10/11/2012 7:12,female
10/11/2012 7:24,female
10/11/2012 7:31,female
10/11/2012 7:33,male
10/11/2012 7:35,female
10/11/2012 7:35,female
10/11/2012 7:43,female
10/11/2012 7:47,female
10/11/2012 7:48,male
10/11/2012 7:51,female
10/11/2012 7:55,female
10/11/2012 7:56,female
10/11/2012 7:57,female
10/11/2012 8:19,female
10/11/2012 8:20,female
10/11/2012 8:23,male
10/11/2012 8:24,female
10/11/2012 8:32,male
10/11/2012 8:33,female
10/11/2012 8:34,female
10/11/2012 8:37,female
10/11/2012 8:38,male
10/11/2012 8:42,male
10/11/2012 8:48,female
10/11/2012 8:49,female
10/11/2012 8:49,female
10/11/2012 8:49,female
10/11/2012 8:53,female
10/11/2012 8:53,female
10/11/2012 8:57,male
10/11/2012 8:58,male
10/11/2012 9:01,male
10/11/2012 9:04,female
10/11/2012 9:05,female
10/11/2012 9:06,female
10/11/2012 9:10,female
10/11/2012 9:15,female
10/11/2012 9:17,male
10/11/2012 9:18,male
10/11/2012 9:18,male
10/11/2012 9:19,female
10/11/2012 9:19,female
10/11/2012 9:20,female
10/11/2012 9:21,female
10/11/2012 9:25,female
10/11/2012 9:29,male
10/11/2012 9:30,male
10/11/2012 9:34,female
10/11/2012 9:37,female
10/11/2012 9:38,female
10/11/2012 9:42,female
10/11/2012 9:43,female
10/11/2012 9:44,female
10/11/2012 9:47,female
10/11/2012 9:49,female
10/11/2012 9:54,female
10/11/2012 9:55,male
10/11/2012 9:58,female
10/11/2012 9:59,female
10/11/2012 9:59,female
10/11/2012 10:01,female
10/11/2012 10:02,male
10/11/2012 10:04,female
10/11/2012 10:12,male
10/11/2012 10:17,female
10/11/2012 10:18,female
10/11/2012 10:19,female
10/11/2012 10:20,female
10/11/2012 10:22,female
10/11/2012 10:23,female
10/11/2012 10:23,female
10/11/2012 10:24,male
10/11/2012 10:25,female
10/11/2012 10:29,female
10/11/2012 10:31,female
10/11/2012 10:31,male
10/11/2012 10:33,male
10/11/2012 10:39,female
10/11/2012 10:39,female
10/11/2012 10:39,female
10/11/2012 10:40,female
10/11/2012 10:42,male
10/11/2012 10:47,female
10/11/2012 10:50,male
10/11/2012 10:52,male
10/11/2012 10:57,female
10/11/2012 10:59,female
10/11/2012 11:05,female
10/11/2012 11:06,female
10/11/2012 11:07,female
10/11/2012 11:08,female
10/11/2012 11:11,female
10/11/2012 11:17,male
10/11/2012 11:20,female
10/11/2012 11:23,female
10/11/2012 11:25,female
10/11/2012 11:28,female
10/11/2012 11:29,female
10/11/2012 11:30,female
10/11/2012 11:33,female
10/11/2012 11:34,female
10/11/2012 11:37,female
10/11/2012 11:39,female
10/11/2012 11:40,female
10/11/2012 11:41,female
10/11/2012 11:46,female
10/11/2012 11:46,female
10/11/2012 11:49,male
10/11/2012 11:52,female
10/11/2012 11:53,female
10/11/2012 11:53,female
10/11/2012 11:55,female
10/11/2012 11:55,female
10/11/2012 11:56,female
10/11/2012 11:56,female
10/11/2012 11:58,male
10/11/2012 12:00,female
10/11/2012 12:04,female
10/11/2012 12:07,female
10/11/2012 12:07,female
10/11/2012 12:07,male
10/11/2012 12:08,female
10/11/2012 12:08,female
10/11/2012 12:09,female
10/11/2012 12:12,female
10/11/2012 12:14,female
10/11/2012 12:15,female
10/11/2012 12:16,female
10/11/2012 12:18,female
10/11/2012 12:18,female
10/11/2012 12:21,female
10/11/2012 12:21,male
10/11/2012 12:26,male
10/11/2012 12:26,male
10/11/2012 12:28,male
10/11/2012 12:29,male
10/11/2012 12:34,male
10/11/2012 12:35,female
10/11/2012 12:36,female
10/11/2012 12:41,female
10/11/2012 12:43,female
10/11/2012 12:44,female
10/11/2012 12:47,female
10/11/2012 12:48,female
10/11/2012 12:50,male
10/11/2012 12:52,female
10/11/2012 12:56,female
10/11/2012 12:57,female
10/11/2012 12:57,male
10/11/2012 13:00,female
10/11/2012 13:05,female
10/11/2012 13:08,female
10/11/2012 13:10,female
10/11/2012 13:12,female
10/11/2012 13:13,male
10/11/2012 13:16,male
10/11/2012 13:18,female
10/11/2012 13:19,female
10/11/2012 13:19,female
10/11/2012 13:20,male
10/11/2012 13:22,female
10/11/2012 13:25,female
10/11/2012 13:25,male
10/11/2012 13:28,female
10/11/2012 13:30,female
10/11/2012 13:31,female
10/11/2012 13:35,female
10/11/2012 13:37,female
10/11/2012 13:40,female
10/11/2012 13:42,female
10/11/2012 13:42,male
10/11/2012 13:45,female
10/11/2012 13:45,male
10/11/2012 13:46,female
10/11/2012 13:48,female
10/11/2012 13:53,male
10/11/2012 13:54,female
10/11/2012 13:54,female
10/11/2012 13:56,female
10/11/2012 14:00,female
10/11/2012 14:00,female
10/11/2012 14:03,male
10/11/2012 14:03,male
10/11/2012 14:03,female
10/11/2012 14:04,female
10/11/2012 14:08,male
10/11/2012 14:08,female
10/11/2012 14:09,female
10/11/2012 14:09,female
10/11/2012 14:10,female
10/11/2012 14:11,female
10/11/2012 14:13,female
10/11/2012 14:17,female
10/11/2012 14:23,female
10/11/2012 14:24,female
10/11/2012 14:24,female
10/11/2012 14:29,male
10/11/2012 14:29,female
10/11/2012 14:33,male
10/11/2012 14:33,male
10/11/2012 14:34,male
10/11/2012 14:35,female
10/11/2012 14:39,female
10/11/2012 14:39,female
10/11/2012 14:40,female
10/11/2012 14:40,male
10/11/2012 14:41,female
10/11/2012 14:43,female
10/11/2012 14:43,male
10/11/2012 14:43,female
10/11/2012 14:44,female
10/11/2012 14:45,female
10/11/2012 14:46,female
10/11/2012 14:47,male
10/11/2012 14:48,female
10/11/2012 14:48,male
10/11/2012 14:49,male
10/11/2012 14:49,female
10/11/2012 14:49,male
10/11/2012 14:53,male
10/11/2012 14:55,female
10/11/2012 14:57,female
10/11/2012 14:59,female
10/11/2012 15:00,female
10/11/2012 15:02,male
10/11/2012 15:03,female
10/11/2012 15:04,female
10/11/2012 15:06,female
10/11/2012 15:08,male
10/11/2012 15:09,female
10/11/2012 15:11,female
10/11/2012 15:12,female
10/11/2012 15:13,female
10/11/2012 15:13,female
10/11/2012 15:14,male
10/11/2012 15:15,male
10/11/2012 15:19,female
10/11/2012 15:20,female
10/11/2012 15:21,female
10/11/2012 15:21,female
10/11/2012 15:24,female
10/11/2012 15:25,female
10/11/2012 15:28,female
10/11/2012 15:30,female
10/11/2012 15:31,male
10/11/2012 15:32,female
10/11/2012 15:33,female
10/11/2012 15:33,female
10/11/2012 15:36,female
10/11/2012 15:36,female
10/11/2012 15:37,male
10/11/2012 15:37,male
10/11/2012 15:42,female
10/11/2012 15:43,female
10/11/2012 15:44,female
10/11/2012 15:46,female
10/11/2012 15:48,female
10/11/2012 15:50,female
10/11/2012 15:50,female
10/11/2012 15:50,female
10/11/2012 15:50,female
10/11/2012 15:52,female
10/11/2012 15:56,male
10/11/2012 15:57,male
10/11/2012 15:59,female
10/11/2012 16:00,female
10/11/2012 16:04,female
10/11/2012 16:04,male
10/11/2012 16:05,female
10/11/2012 16:07,female
10/11/2012 16:09,female
10/11/2012 16:16,female
10/11/2012 16:16,female
10/11/2012 16:16,female
10/11/2012 16:19,female
10/11/2012 16:19,female
10/11/2012 16:21,female
10/11/2012 16:21,male
10/11/2012 16:24,male
10/11/2012 16:25,female
10/11/2012 16:27,male
10/11/2012 16:28,female
10/11/2012 16:33,female
10/11/2012 16:35,female
10/11/2012 16:36,male
10/11/2012 16:37,male
10/11/2012 16:37,female
10/11/2012 16:38,male
10/11/2012 16:39,female
10/11/2012 16:41,female
10/11/2012 16:41,female
10/11/2012 16:42,female
10/11/2012 16:45,male
10/11/2012 16:46,female
10/11/2012 16:47,female
10/11/2012 16:48,female
10/11/2012 16:49,female
10/11/2012 16:53,female
10/11/2012 16:57,female
10/11/2012 16:57,female
10/11/2012 16:58,male
10/11/2012 16:58,male
10/11/2012 16:59,female
10/11/2012 17:00,female
10/11/2012 17:01,female
10/11/2012 17:01,male
10/11/2012 17:03,male
10/11/2012 17:08,male
10/11/2012 17:09,male
10/11/2012 17:11,male
10/11/2012 17:13,male
10/11/2012 17:14,male
10/11/2012 17:23,female
10/11/2012 17:25,female
10/11/2012 17:26,male
10/11/2012 17:28,female
10/11/2012 17:31,male
10/11/2012 17:32,male
10/11/2012 17:32,female
10/11/2012 17:35,female
10/11/2012 17:38,female
10/11/2012 17:40,female
10/11/2012 17:44,female
10/11/2012 17:47,male
10/11/2012 17:48,female
10/11/2012 17:55,female
10/11/2012 17:55,female
10/11/2012 17:57,female
10/11/2012 17:57,female
10/11/2012 17:58,male
10/11/2012 18:00,male
10/11/2012 18:04,male
10/11/2012 18:09,female
10/11/2012 18:09,female
10/11/2012 18:09,male
10/11/2012 18:12,male
10/11/2012 18:12,female
10/11/2012 18:17,female
10/11/2012 18:18,female
10/11/2012 18:19,male
10/11/2012 18:21,female
10/11/2012 18:24,female
10/11/2012 18:27,female
10/11/2012 18:28,female
10/11/2012 18:33,male
10/11/2012 18:34,female
10/11/2012 18:34,male
10/11/2012 18:37,female
10/11/2012 18:38,female
10/11/2012 18:39,male
10/11/2012 18:44,female
10/11/2012 18:44,female
10/11/2012 18:50,female
10/11/2012 18:56,female
10/11/2012 18:57,female
10/11/2012 18:58,male
10/11/2012 18:59,female
10/11/2012 18:59,female
10/11/2012 18:59,female
10/11/2012 18:59,female
10/11/2012 19:00,male
10/11/2012 19:00,female
10/11/2012 19:05,female
10/11/2012 19:09,female
10/11/2012 19:10,female
10/11/2012 19:11,male
10/11/2012 19:16,female
10/11/2012 19:28,female
10/11/2012 19:28,female
10/11/2012 19:29,female
10/11/2012 19:31,female
10/11/2012 19:35,female
10/11/2012 19:36,female
10/11/2012 19:36,female
10/11/2012 19:47,female
10/11/2012 19:53,male
10/11/2012 19:56,male
10/11/2012 19:56,female
10/11/2012 19:59,female
10/11/2012 20:04,female
10/11/2012 20:05,male
10/11/2012 20:06,male
10/11/2012 20:10,male
10/11/2012 20:12,male
10/11/2012 20:13,female
10/11/2012 20:16,female
10/11/2012 20:17,female
10/11/2012 20:17,female
10/11/2012 20:17,female
10/11/2012 20:23,female
10/11/2012 20:26,female
10/11/2012 20:29,female
10/11/2012 20:32,female
10/11/2012 20:36,female
10/11/2012 20:40,female
10/11/2012 20:41,female
10/11/2012 20:45,female
10/11/2012 20:53,male
10/11/2012 20:55,female
10/11/2012 20:55,female
10/11/2012 21:02,female
10/11/2012 21:02,female
10/11/2012 21:05,female
10/11/2012 21:06,female
10/11/2012 21:09,male
10/11/2012 21:11,male
10/11/2012 21:16,female
10/11/2012 21:17,female
10/11/2012 21:20,female
10/11/2012 21:24,female
10/11/2012 21:24,female
10/11/2012 21:34,female
10/11/2012 21:40,male
10/11/2012 21:42,male
10/11/2012 21:47,female
10/11/2012 21:48,female
10/11/2012 21:54,female
10/11/2012 21:57,female
10/11/2012 22:04,male
10/11/2012 22:09,female
10/11/2012 22:09,female
10/11/2012 22:14,female
10/11/2012 22:15,male
10/11/2012 22:17,female
10/11/2012 22:21,female
10/11/2012 22:43,female
10/11/2012 22:48,male
10/11/2012 23:16,male
11/11/2012 0:52,female
11/11/2012 0:55,female
11/11/2012 0:56,female
11/11/2012 1:15,male
11/11/2012 1:30,female
11/11/2012 1:50,female
11/11/2012 2:01,female
11/11/2012 2:02,female
11/11/2012 2:07,female
11/11/2012 2:09,male
11/11/2012 2:22,female
11/11/2012 2:53,female
11/11/2012 2:59,female
11/11/2012 3:01,female
11/11/2012 3:03,female
11/11/2012 3:08,female
11/11/2012 3:08,female
11/11/2012 3:20,female
11/11/2012 3:27,female
11/11/2012 3:32,male
11/11/2012 3:35,male
11/11/2012 3:59,female
11/11/2012 4:03,female
11/11/2012 4:12,female
11/11/2012 4:15,female
11/11/2012 4:19,female
11/11/2012 4:21,female
11/11/2012 4:22,female
11/11/2012 4:26,female
11/11/2012 4:32,female
11/11/2012 4:40,female
11/11/2012 4:45,male
11/11/2012 4:46,female
11/11/2012 4:56,female
11/11/2012 4:56,female
11/11/2012 4:56,female
11/11/2012 5:02,female
11/11/2012 5:13,female
11/11/2012 5:17,female
11/11/2012 5:20,female
11/11/2012 5:24,female
11/11/2012 5:25,female
11/11/2012 5:27,male
11/11/2012 5:30,female
11/11/2012 5:35,female
11/11/2012 5:40,female
11/11/2012 5:50,female
11/11/2012 5:51,female
11/11/2012 5:56,female
11/11/2012 5:57,female
11/11/2012 5:59,female
11/11/2012 5:59,female
11/11/2012 5:59,female
11/11/2012 5:59,female
11/11/2012 5:59,female
11/11/2012 6:00,male
11/11/2012 6:01,female
11/11/2012 6:12,female
11/11/2012 6:13,male
11/11/2012 6:13,male
11/11/2012 6:14,female
11/11/2012 6:17,female
11/11/2012 6:17,male
11/11/2012 6:17,male
11/11/2012 6:25,female
11/11/2012 6:29,female
11/11/2012 6:30,female
11/11/2012 6:36,female
11/11/2012 6:39,female
11/11/2012 6:40,female
11/11/2012 6:41,male
11/11/2012 6:41,female
11/11/2012 6:42,female
11/11/2012 6:49,female
11/11/2012 6:52,male
11/11/2012 6:54,male
11/11/2012 6:55,female
11/11/2012 6:57,male
11/11/2012 7:01,female
11/11/2012 7:04,female
11/11/2012 7:06,female
11/11/2012 7:07,female
11/11/2012 7:08,female
11/11/2012 7:13,female
11/11/2012 7:14,female
11/11/2012 7:21,female
11/11/2012 7:21,female
11/11/2012 7:22,male
11/11/2012 7:27,male
11/11/2012 7:28,male
11/11/2012 7:29,male
11/11/2012 7:30,female
11/11/2012 7:30,female
11/11/2012 7:31,female
11/11/2012 7:31,male
11/11/2012 7:32,female
11/11/2012 7:33,male
11/11/2012 7:34,female
11/11/2012 7:35,female
11/11/2012 7:40,female
11/11/2012 7:41,female
11/11/2012 7:42,female
11/11/2012 7:44,female
11/11/2012 7:47,female
11/11/2012 7:50,female
11/11/2012 7:50,female
11/11/2012 7:51,female
11/11/2012 7:53,female
11/11/2012 7:56,female
11/11/2012 7:58,female
11/11/2012 8:01,female
11/11/2012 8:07,female
11/11/2012 8:07,female
11/11/2012 8:12,female
11/11/2012 8:12,female
11/11/2012 8:14,male
11/11/2012 8:14,male
11/11/2012 8:17,male
11/11/2012 8:19,male
11/11/2012 8:21,female
11/11/2012 8:23,male
11/11/2012 8:25,male
11/11/2012 8:25,female
11/11/2012 8:26,female
11/11/2012 8:28,female
11/11/2012 8:33,female
11/11/2012 8:35,female
11/11/2012 8:40,male
11/11/2012 8:43,female
11/11/2012 8:47,female
11/11/2012 8:50,female
11/11/2012 8:54,female
11/11/2012 8:54,female
11/11/2012 9:01,female
11/11/2012 9:15,male
11/11/2012 9:18,female
11/11/2012 9:19,male
11/11/2012 9:21,female
11/11/2012 9:22,female
11/11/2012 9:24,female
11/11/2012 9:31,female
11/11/2012 9:35,female
11/11/2012 9:36,male
11/11/2012 9:39,female
11/11/2012 9:40,female
11/11/2012 9:41,female
11/11/2012 9:42,female
11/11/2012 9:44,female
11/11/2012 9:45,male
11/11/2012 9:45,female
11/11/2012 9:47,female
11/11/2012 9:47,female
11/11/2012 9:48,female
11/11/2012 9:53,male
11/11/2012 9:55,female
11/11/2012 9:55,female
11/11/2012 10:00,female
11/11/2012 10:05,female
11/11/2012 10:10,female
11/11/2012 10:10,male
11/11/2012 10:14,male
11/11/2012 10:15,male
11/11/2012 10:22,male
11/11/2012 10:23,female
11/11/2012 10:23,female
11/11/2012 10:24,female
11/11/2012 10:25,male
11/11/2012 10:27,female
11/11/2012 10:30,female
11/11/2012 10:34,female
11/11/2012 10:37,female
11/11/2012 10:37,female
11/11/2012 10:37,female
11/11/2012 10:41,female
11/11/2012 10:41,female
11/11/2012 10:41,male
11/11/2012 10:42,male
11/11/2012 10:44,female
11/11/2012 10:49,male
11/11/2012 10:50,male
11/11/2012 10:52,male
11/11/2012 10:53,male
11/11/2012 10:54,male
11/11/2012 10:59,female
11/11/2012 10:59,female
11/11/2012 11:00,female
11/11/2012 11:00,female
11/11/2012 11:08,male
11/11/2012 11:10,female
11/11/2012 11:13,female
11/11/2012 11:13,male
11/11/2012 11:13,male
11/11/2012 11:13,female
11/11/2012 11:15,female
11/11/2012 11:19,female
11/11/2012 11:21,female
11/11/2012 11:21,female
11/11/2012 11:22,female
11/11/2012 11:23,male
11/11/2012 11:24,female
11/11/2012 11:24,male
11/11/2012 11:26,male
11/11/2012 11:28,male
11/11/2012 11:29,female
11/11/2012 11:30,female
11/11/2012 11:32,female
11/11/2012 11:35,female
11/11/2012 11:36,female
11/11/2012 11:43,male
11/11/2012 11:43,female
11/11/2012 11:44,female
11/11/2012 11:45,male
11/11/2012 11:46,female
11/11/2012 11:49,female
11/11/2012 11:50,female
11/11/2012 11:51,female
11/11/2012 11:53,female
11/11/2012 11:54,female
11/11/2012 11:56,female
11/11/2012 11:58,female
11/11/2012 11:59,female
11/11/2012 12:00,female
11/11/2012 12:02,female
11/11/2012 12:06,male
11/11/2012 12:07,female
11/11/2012 12:08,female
11/11/2012 12:10,female
11/11/2012 12:16,male
11/11/2012 12:16,female
11/11/2012 12:16,female
11/11/2012 12:17,female
11/11/2012 12:21,female
11/11/2012 12:23,female
11/11/2012 12:23,male
11/11/2012 12:23,female
11/11/2012 12:24,male
11/11/2012 12:25,male
11/11/2012 12:27,female
11/11/2012 12:29,male
11/11/2012 12:30,female
11/11/2012 12:35,male
11/11/2012 12:36,female
11/11/2012 12:37,female
11/11/2012 12:39,female
11/11/2012 12:40,female
11/11/2012 12:41,female
11/11/2012 12:42,female
11/11/2012 12:44,male
11/11/2012 12:46,male
11/11/2012 12:55,male
11/11/2012 12:59,female
11/11/2012 13:00,male
11/11/2012 13:00,male
11/11/2012 13:01,female
11/11/2012 13:02,female
11/11/2012 13:03,male
11/11/2012 13:08,female
11/11/2012 13:11,female
11/11/2012 13:11,male
11/11/2012 13:13,female
11/11/2012 13:13,female
11/11/2012 13:15,female
11/11/2012 13:16,male
11/11/2012 13:20,female
11/11/2012 13:25,female
11/11/2012 13:25,female
11/11/2012 13:28,female
11/11/2012 13:28,female
11/11/2012 13:29,male
11/11/2012 13:30,female
11/11/2012 13:32,female
11/11/2012 13:35,female
11/11/2012 13:35,female
11/11/2012 13:35,female
11/11/2012 13:36,female
11/11/2012 13:37,male
11/11/2012 13:38,male
11/11/2012 13:38,female
11/11/2012 13:42,male
11/11/2012 13:43,female
11/11/2012 13:44,male
11/11/2012 13:44,female
11/11/2012 13:45,female
11/11/2012 13:46,female
11/11/2012 13:48,female
11/11/2012 13:52,female
11/11/2012 13:58,female
11/11/2012 13:59,female
11/11/2012 13:59,male
11/11/2012 14:01,female
11/11/2012 14:03,female
11/11/2012 14:04,female
11/11/2012 14:08,female
11/11/2012 14:09,female
11/11/2012 14:09,female
11/11/2012 14:11,male
11/11/2012 14:11,female
11/11/2012 14:12,female
11/11/2012 14:14,female
11/11/2012 14:17,female
11/11/2012 14:18,female
11/11/2012 14:19,female
11/11/2012 14:21,female
11/11/2012 14:22,female
11/11/2012 14:22,female
11/11/2012 14:23,male
11/11/2012 14:27,female
11/11/2012 14:27,male
11/11/2012 14:28,female
11/11/2012 14:34,female
11/11/2012 14:35,male
11/11/2012 14:38,female
11/11/2012 14:49,female
11/11/2012 14:49,female
11/11/2012 14:50,female
11/11/2012 14:50,female
11/11/2012 14:53,female
11/11/2012 14:54,female
11/11/2012 14:55,male
11/11/2012 14:57,female
11/11/2012 14:57,female
11/11/2012 14:58,female
11/11/2012 14:58,female
11/11/2012 15:03,female
11/11/2012 15:03,female
11/11/2012 15:06,female
11/11/2012 15:08,female
11/11/2012 15:09,male
11/11/2012 15:12,female
11/11/2012 15:13,male
11/11/2012 15:14,male
11/11/2012 15:15,male
11/11/2012 15:15,female
11/11/2012 15:16,male
11/11/2012 15:16,female
11/11/2012 15:16,female
11/11/2012 15:17,female
11/11/2012 15:18,female
11/11/2012 15:19,male
11/11/2012 15:21,female
11/11/2012 15:23,female
11/11/2012 15:24,female
11/11/2012 15:24,female
11/11/2012 15:28,female
11/11/2012 15:31,male
11/11/2012 15:34,female
11/11/2012 15:36,male
11/11/2012 15:38,female
11/11/2012 15:38,female
11/11/2012 15:40,female
11/11/2012 15:43,female
11/11/2012 15:46,female
11/11/2012 15:47,female
11/11/2012 15:48,female
11/11/2012 15:49,male
11/11/2012 15:52,male
11/11/2012 15:54,male
11/11/2012 15:57,female
11/11/2012 16:04,female
11/11/2012 16:04,male
11/11/2012 16:10,female
11/11/2012 16:10,female
11/11/2012 16:12,male
11/11/2012 16:12,male
11/11/2012 16:16,female
11/11/2012 16:19,female
11/11/2012 16:19,male
11/11/2012 16:21,female
11/11/2012 16:21,male
11/11/2012 16:24,male
11/11/2012 16:26,female
11/11/2012 16:28,male
11/11/2012 16:28,female
11/11/2012 16:28,female
11/11/2012 16:28,male
11/11/2012 16:29,female
11/11/2012 16:29,female
11/11/2012 16:31,female
11/11/2012 16:32,female
11/11/2012 16:32,male
11/11/2012 16:34,male
11/11/2012 16:40,female
11/11/2012 16:43,female
11/11/2012 16:47,female
11/11/2012 16:47,female
11/11/2012 16:49,male
11/11/2012 16:52,female
11/11/2012 16:54,female
11/11/2012 16:54,male
11/11/2012 16:55,male
11/11/2012 16:56,female
11/11/2012 16:56,female
11/11/2012 16:56,female
11/11/2012 16:56,female
11/11/2012 17:16,female
11/11/2012 17:16,female
11/11/2012 17:18,male
11/11/2012 17:19,male
11/11/2012 17:20,male
11/11/2012 17:23,male
11/11/2012 17:23,female
11/11/2012 17:24,male
11/11/2012 17:25,female
11/11/2012 17:39,female
11/11/2012 17:41,female
11/11/2012 17:43,female
11/11/2012 17:45,female
11/11/2012 17:46,male
11/11/2012 17:46,male
11/11/2012 17:47,female
11/11/2012 17:48,male
11/11/2012 17:52,female
11/11/2012 17:53,female
11/11/2012 17:56,female
11/11/2012 17:57,female
11/11/2012 17:57,female
11/11/2012 17:58,female
11/11/2012 17:58,female
11/11/2012 18:02,female
11/11/2012 18:08,male
11/11/2012 18:22,female
11/11/2012 18:22,female
11/11/2012 18:25,male
11/11/2012 18:26,female
11/11/2012 18:27,female
11/11/2012 18:27,female
11/11/2012 18:28,female
11/11/2012 18:30,female
11/11/2012 18:35,female
11/11/2012 18:36,female
11/11/2012 18:36,female
11/11/2012 18:37,female
11/11/2012 18:41,female
11/11/2012 18:45,female
11/11/2012 18:45,female
11/11/2012 18:49,female
11/11/2012 18:50,female
11/11/2012 18:52,male
11/11/2012 18:53,female
11/11/2012 18:54,male
11/11/2012 18:58,female
11/11/2012 19:00,male
11/11/2012 19:00,female
11/11/2012 19:00,female
11/11/2012 19:01,male
11/11/2012 19:02,female
11/11/2012 19:02,female
11/11/2012 19:04,female
11/11/2012 19:04,female
11/11/2012 19:07,male
11/11/2012 19:09,female
11/11/2012 19:09,male
11/11/2012 19:11,male
11/11/2012 19:13,female
11/11/2012 19:14,male
11/11/2012 19:16,female
11/11/2012 19:21,female
11/11/2012 19:27,female
11/11/2012 19:28,male
11/11/2012 19:29,female
11/11/2012 19:34,female
11/11/2012 19:34,female
11/11/2012 19:43,female
11/11/2012 19:43,female
11/11/2012 19:49,male
11/11/2012 19:52,female
11/11/2012 19:56,female
11/11/2012 19:58,female
11/11/2012 20:09,male
11/11/2012 20:12,female
11/11/2012 20:13,female
11/11/2012 20:27,female
11/11/2012 20:29,female
11/11/2012 20:34,female
11/11/2012 20:38,female
11/11/2012 20:41,female
11/11/2012 20:41,female
11/11/2012 20:42,male
11/11/2012 20:45,male
11/11/2012 20:48,female
11/11/2012 20:50,female
11/11/2012 20:53,female
11/11/2012 20:55,male
11/11/2012 20:56,female
11/11/2012 21:00,male
11/11/2012 21:05,female
11/11/2012 21:07,male
11/11/2012 21:07,female
11/11/2012 21:08,female
11/11/2012 21:09,female
11/11/2012 21:19,female
11/11/2012 21:21,female
11/11/2012 21:27,female
11/11/2012 21:28,male
11/11/2012 21:28,female
11/11/2012 21:32,male
11/11/2012 21:36,female
11/11/2012 21:41,female
11/11/2012 21:42,female
11/11/2012 21:49,male
11/11/2012 21:50,female
11/11/2012 21:52,male
11/11/2012 21:52,female
11/11/2012 21:52,female
11/11/2012 21:53,female
11/11/2012 21:58,female
11/11/2012 22:00,female
11/11/2012 22:00,female
11/11/2012 22:10,male
11/11/2012 22:23,female
11/11/2012 22:33,female
11/11/2012 22:36,male
11/11/2012 22:38,female
11/11/2012 22:51,female
11/11/2012 22:53,female
11/11/2012 23:08,female
11/11/2012 23:11,female
11/11/2012 23:16,female
11/11/2012 23:33,female
11/11/2012 23:34,female
11/11/2012 23:41,male
